{
    "logs": [
        {
            "outputFile": "D:\\Minor Project\\MyEventManager\\app\\build\\intermediates\\incremental\\mergeDebugResources\\merged.dir\\values-ar\\values-ar.xml",
            "map": [
                {
                    "source": "C:\\Users\\Sumbul\\.gradle\\caches\\transforms-2\\files-2.1\\6c5a1a33c151bf1b1b969a4997bc8337\\appcompat-1.1.0\\res\\values-ar\\values-ar.xml",
                    "from": {
                        "startLines": "2,3,4,5,6,7,8,9,10,11,12,13,14,15,16,17,18,19,20,21,22,23,24,25,26,27,28,29",
                        "startColumns": "4,4,4,4,4,4,4,4,4,4,4,4,4,4,4,4,4,4,4,4,4,4,4,4,4,4,4,4",
                        "startOffsets": "105,213,317,424,506,607,721,801,880,971,1063,1155,1249,1350,1443,1538,1631,1722,1816,1894,1999,2097,2195,2303,2403,2506,2661,2758",
                        "endColumns": "107,103,106,81,100,113,79,78,90,91,91,93,100,92,94,92,90,93,77,104,97,97,107,99,102,154,96,80",
                        "endOffsets": "208,312,419,501,602,716,796,875,966,1058,1150,1244,1345,1438,1533,1626,1717,1811,1889,1994,2092,2190,2298,2398,2501,2656,2753,2834"
                    },
                    "to": {
                        "startLines": "2,3,4,5,6,7,8,9,10,11,12,13,14,15,16,17,18,19,20,21,22,23,24,25,26,27,28,47",
                        "startColumns": "4,4,4,4,4,4,4,4,4,4,4,4,4,4,4,4,4,4,4,4,4,4,4,4,4,4,4,4",
                        "startOffsets": "105,213,317,424,506,607,721,801,880,971,1063,1155,1249,1350,1443,1538,1631,1722,1816,1894,1999,2097,2195,2303,2403,2506,2661,5343",
                        "endColumns": "107,103,106,81,100,113,79,78,90,91,91,93,100,92,94,92,90,93,77,104,97,97,107,99,102,154,96,80",
                        "endOffsets": "208,312,419,501,602,716,796,875,966,1058,1150,1244,1345,1438,1533,1626,1717,1811,1889,1994,2092,2190,2298,2398,2501,2656,2753,5419"
                    }
                },
                {
                    "source": "C:\\Users\\Sumbul\\.gradle\\caches\\transforms-2\\files-2.1\\bcfc0b80df78591183083cc148e1cf2c\\core-1.1.0\\res\\values-ar\\values-ar.xml",
                    "from": {
                        "startLines": "2",
                        "startColumns": "4",
                        "startOffsets": "55",
                        "endColumns": "100",
                        "endOffsets": "151"
                    },
                    "to": {
                        "startLines": "48",
                        "startColumns": "4",
                        "startOffsets": "5424",
                        "endColumns": "100",
                        "endOffsets": "5520"
                    }
                },
                {
                    "source": "C:\\Users\\Sumbul\\.gradle\\caches\\transforms-2\\files-2.1\\75e7c473eccef2b3a0eec97fa3a7825b\\jetified-play-services-base-17.1.0\\res\\values-ar\\values.xml",
                    "from": {
                        "startLines": "4,5,6,7,8,9,10,11,12,13,14,15,16,17,18,19,20",
                        "startColumns": "0,0,0,0,0,0,0,0,0,0,0,0,0,0,0,0,0",
                        "startOffsets": "245,347,523,643,746,943,1069,1206,1333,1529,1631,1812,1932,2130,2302,2392,2484",
                        "endColumns": "101,175,119,102,196,125,136,126,195,101,180,119,197,171,89,91,108",
                        "endOffsets": "346,522,642,745,942,1068,1205,1332,1528,1630,1811,1931,2129,2301,2391,2483,2592"
                    },
                    "to": {
                        "startLines": "29,30,31,32,33,34,35,36,38,39,40,41,42,43,44,45,46",
                        "startColumns": "4,4,4,4,4,4,4,4,4,4,4,4,4,4,4,4,4",
                        "startOffsets": "2758,2864,3040,3164,3271,3468,3598,3739,4059,4255,4361,4542,4666,4864,5040,5134,5230",
                        "endColumns": "105,175,123,106,196,129,140,130,195,105,180,123,197,175,93,95,112",
                        "endOffsets": "2859,3035,3159,3266,3463,3593,3734,3865,4250,4356,4537,4661,4859,5035,5129,5225,5338"
                    }
                },
                {
                    "source": "C:\\Users\\Sumbul\\.gradle\\caches\\transforms-2\\files-2.1\\164bb505b81f338baa0db13edd04c1d1\\jetified-play-services-basement-17.0.0\\res\\values-ar\\values.xml",
                    "from": {
                        "startLines": "4",
                        "startColumns": "0",
                        "startOffsets": "247",
                        "endColumns": "188",
                        "endOffsets": "435"
                    },
                    "to": {
                        "startLines": "37",
                        "startColumns": "4",
                        "startOffsets": "3870",
                        "endColumns": "188",
                        "endOffsets": "4054"
                    }
                }
            ]
        }
    ]
}