{
    "logs": [
        {
            "outputFile": "D:\\Minor Project\\MyEventManager\\app\\build\\intermediates\\incremental\\mergeDebugResources\\merged.dir\\values-et\\values-et.xml",
            "map": [
                {
                    "source": "C:\\Users\\Sumbul\\.gradle\\caches\\transforms-2\\files-2.1\\164bb505b81f338baa0db13edd04c1d1\\jetified-play-services-basement-17.0.0\\res\\values-et\\values.xml",
                    "from": {
                        "startLines": "4",
                        "startColumns": "0",
                        "startOffsets": "247",
                        "endColumns": "198",
                        "endOffsets": "445"
                    },
                    "to": {
                        "startLines": "37",
                        "startColumns": "4",
                        "startOffsets": "3983",
                        "endColumns": "198",
                        "endOffsets": "4177"
                    }
                },
                {
                    "source": "C:\\Users\\Sumbul\\.gradle\\caches\\transforms-2\\files-2.1\\bcfc0b80df78591183083cc148e1cf2c\\core-1.1.0\\res\\values-et\\values-et.xml",
                    "from": {
                        "startLines": "2",
                        "startColumns": "4",
                        "startOffsets": "55",
                        "endColumns": "100",
                        "endOffsets": "151"
                    },
                    "to": {
                        "startLines": "48",
                        "startColumns": "4",
                        "startOffsets": "5616",
                        "endColumns": "100",
                        "endOffsets": "5712"
                    }
                },
                {
                    "source": "C:\\Users\\Sumbul\\.gradle\\caches\\transforms-2\\files-2.1\\6c5a1a33c151bf1b1b969a4997bc8337\\appcompat-1.1.0\\res\\values-et\\values-et.xml",
                    "from": {
                        "startLines": "2,3,4,5,6,7,8,9,10,11,12,13,14,15,16,17,18,19,20,21,22,23,24,25,26,27,28,29",
                        "startColumns": "4,4,4,4,4,4,4,4,4,4,4,4,4,4,4,4,4,4,4,4,4,4,4,4,4,4,4,4",
                        "startOffsets": "105,211,310,421,507,609,726,807,885,977,1070,1166,1268,1378,1472,1573,1667,1759,1852,1934,2045,2149,2248,2358,2460,2559,2725,2827",
                        "endColumns": "105,98,110,85,101,116,80,77,91,92,95,101,109,93,100,93,91,92,81,110,103,98,109,101,98,165,101,81",
                        "endOffsets": "206,305,416,502,604,721,802,880,972,1065,1161,1263,1373,1467,1568,1662,1754,1847,1929,2040,2144,2243,2353,2455,2554,2720,2822,2904"
                    },
                    "to": {
                        "startLines": "2,3,4,5,6,7,8,9,10,11,12,13,14,15,16,17,18,19,20,21,22,23,24,25,26,27,28,47",
                        "startColumns": "4,4,4,4,4,4,4,4,4,4,4,4,4,4,4,4,4,4,4,4,4,4,4,4,4,4,4,4",
                        "startOffsets": "105,211,310,421,507,609,726,807,885,977,1070,1166,1268,1378,1472,1573,1667,1759,1852,1934,2045,2149,2248,2358,2460,2559,2725,5534",
                        "endColumns": "105,98,110,85,101,116,80,77,91,92,95,101,109,93,100,93,91,92,81,110,103,98,109,101,98,165,101,81",
                        "endOffsets": "206,305,416,502,604,721,802,880,972,1065,1161,1263,1373,1467,1568,1662,1754,1847,1929,2040,2144,2243,2353,2455,2554,2720,2822,5611"
                    }
                },
                {
                    "source": "C:\\Users\\Sumbul\\.gradle\\caches\\transforms-2\\files-2.1\\75e7c473eccef2b3a0eec97fa3a7825b\\jetified-play-services-base-17.1.0\\res\\values-et\\values.xml",
                    "from": {
                        "startLines": "4,5,6,7,8,9,10,11,12,13,14,15,16,17,18,19,20",
                        "startColumns": "0,0,0,0,0,0,0,0,0,0,0,0,0,0,0,0,0",
                        "startOffsets": "245,346,540,665,771,980,1107,1249,1377,1596,1702,1897,2027,2241,2412,2501,2592",
                        "endColumns": "100,193,124,105,208,126,141,127,218,105,194,129,213,170,88,90,112",
                        "endOffsets": "345,539,664,770,979,1106,1248,1376,1595,1701,1896,2026,2240,2411,2500,2591,2704"
                    },
                    "to": {
                        "startLines": "29,30,31,32,33,34,35,36,38,39,40,41,42,43,44,45,46",
                        "startColumns": "4,4,4,4,4,4,4,4,4,4,4,4,4,4,4,4,4",
                        "startOffsets": "2827,2932,3126,3255,3365,3574,3705,3851,4182,4401,4511,4706,4840,5054,5229,5322,5417",
                        "endColumns": "104,193,128,109,208,130,145,131,218,109,194,133,213,174,92,94,116",
                        "endOffsets": "2927,3121,3250,3360,3569,3700,3846,3978,4396,4506,4701,4835,5049,5224,5317,5412,5529"
                    }
                }
            ]
        }
    ]
}