{
    "logs": [
        {
            "outputFile": "D:\\Minor Project\\MyEventManager\\app\\build\\intermediates\\incremental\\mergeDebugResources\\merged.dir\\values-mr\\values-mr.xml",
            "map": [
                {
                    "source": "C:\\Users\\Sumbul\\.gradle\\caches\\transforms-2\\files-2.1\\164bb505b81f338baa0db13edd04c1d1\\jetified-play-services-basement-17.0.0\\res\\values-mr\\values.xml",
                    "from": {
                        "startLines": "4",
                        "startColumns": "0",
                        "startOffsets": "247",
                        "endColumns": "201",
                        "endOffsets": "448"
                    },
                    "to": {
                        "startLines": "37",
                        "startColumns": "4",
                        "startOffsets": "3934",
                        "endColumns": "201",
                        "endOffsets": "4131"
                    }
                },
                {
                    "source": "C:\\Users\\Sumbul\\.gradle\\caches\\transforms-2\\files-2.1\\6c5a1a33c151bf1b1b969a4997bc8337\\appcompat-1.1.0\\res\\values-mr\\values-mr.xml",
                    "from": {
                        "startLines": "2,3,4,5,6,7,8,9,10,11,12,13,14,15,16,17,18,19,20,21,22,23,24,25,26,27,28,29",
                        "startColumns": "4,4,4,4,4,4,4,4,4,4,4,4,4,4,4,4,4,4,4,4,4,4,4,4,4,4,4,4",
                        "startOffsets": "105,216,322,429,519,621,733,811,889,980,1072,1165,1262,1363,1456,1551,1645,1736,1827,1906,2013,2114,2210,2319,2421,2535,2692,2795",
                        "endColumns": "110,105,106,89,101,111,77,77,90,91,92,96,100,92,94,93,90,90,78,106,100,95,108,101,113,156,102,78",
                        "endOffsets": "211,317,424,514,616,728,806,884,975,1067,1160,1257,1358,1451,1546,1640,1731,1822,1901,2008,2109,2205,2314,2416,2530,2687,2790,2869"
                    },
                    "to": {
                        "startLines": "2,3,4,5,6,7,8,9,10,11,12,13,14,15,16,17,18,19,20,21,22,23,24,25,26,27,28,47",
                        "startColumns": "4,4,4,4,4,4,4,4,4,4,4,4,4,4,4,4,4,4,4,4,4,4,4,4,4,4,4,4",
                        "startOffsets": "105,216,322,429,519,621,733,811,889,980,1072,1165,1262,1363,1456,1551,1645,1736,1827,1906,2013,2114,2210,2319,2421,2535,2692,5443",
                        "endColumns": "110,105,106,89,101,111,77,77,90,91,92,96,100,92,94,93,90,90,78,106,100,95,108,101,113,156,102,78",
                        "endOffsets": "211,317,424,514,616,728,806,884,975,1067,1160,1257,1358,1451,1546,1640,1731,1822,1901,2008,2109,2205,2314,2416,2530,2687,2790,5517"
                    }
                },
                {
                    "source": "C:\\Users\\Sumbul\\.gradle\\caches\\transforms-2\\files-2.1\\bcfc0b80df78591183083cc148e1cf2c\\core-1.1.0\\res\\values-mr\\values-mr.xml",
                    "from": {
                        "startLines": "2",
                        "startColumns": "4",
                        "startOffsets": "55",
                        "endColumns": "100",
                        "endOffsets": "151"
                    },
                    "to": {
                        "startLines": "48",
                        "startColumns": "4",
                        "startOffsets": "5522",
                        "endColumns": "100",
                        "endOffsets": "5618"
                    }
                },
                {
                    "source": "C:\\Users\\Sumbul\\.gradle\\caches\\transforms-2\\files-2.1\\75e7c473eccef2b3a0eec97fa3a7825b\\jetified-play-services-base-17.1.0\\res\\values-mr\\values.xml",
                    "from": {
                        "startLines": "4,5,6,7,8,9,10,11,12,13,14,15,16,17,18,19,20",
                        "startColumns": "0,0,0,0,0,0,0,0,0,0,0,0,0,0,0,0,0",
                        "startOffsets": "245,350,550,671,781,985,1104,1238,1360,1569,1675,1860,1982,2180,2359,2445,2537",
                        "endColumns": "104,199,120,109,203,118,133,121,208,105,184,121,197,178,85,91,105",
                        "endOffsets": "349,549,670,780,984,1103,1237,1359,1568,1674,1859,1981,2179,2358,2444,2536,2642"
                    },
                    "to": {
                        "startLines": "29,30,31,32,33,34,35,36,38,39,40,41,42,43,44,45,46",
                        "startColumns": "4,4,4,4,4,4,4,4,4,4,4,4,4,4,4,4,4",
                        "startOffsets": "2795,2904,3104,3229,3343,3547,3670,3808,4136,4345,4455,4640,4766,4964,5147,5237,5333",
                        "endColumns": "108,199,124,113,203,122,137,125,208,109,184,125,197,182,89,95,109",
                        "endOffsets": "2899,3099,3224,3338,3542,3665,3803,3929,4340,4450,4635,4761,4959,5142,5232,5328,5438"
                    }
                }
            ]
        }
    ]
}