{
    "logs": [
        {
            "outputFile": "D:\\Minor Project\\MyEventManager\\app\\build\\intermediates\\incremental\\mergeDebugResources\\merged.dir\\values-hu\\values-hu.xml",
            "map": [
                {
                    "source": "C:\\Users\\Sumbul\\.gradle\\caches\\transforms-2\\files-2.1\\164bb505b81f338baa0db13edd04c1d1\\jetified-play-services-basement-17.0.0\\res\\values-hu\\values.xml",
                    "from": {
                        "startLines": "4",
                        "startColumns": "0",
                        "startOffsets": "247",
                        "endColumns": "235",
                        "endOffsets": "482"
                    },
                    "to": {
                        "startLines": "37",
                        "startColumns": "4",
                        "startOffsets": "4097",
                        "endColumns": "235",
                        "endOffsets": "4328"
                    }
                },
                {
                    "source": "C:\\Users\\Sumbul\\.gradle\\caches\\transforms-2\\files-2.1\\bcfc0b80df78591183083cc148e1cf2c\\core-1.1.0\\res\\values-hu\\values-hu.xml",
                    "from": {
                        "startLines": "2",
                        "startColumns": "4",
                        "startOffsets": "55",
                        "endColumns": "100",
                        "endOffsets": "151"
                    },
                    "to": {
                        "startLines": "48",
                        "startColumns": "4",
                        "startOffsets": "5859",
                        "endColumns": "100",
                        "endOffsets": "5955"
                    }
                },
                {
                    "source": "C:\\Users\\Sumbul\\.gradle\\caches\\transforms-2\\files-2.1\\6c5a1a33c151bf1b1b969a4997bc8337\\appcompat-1.1.0\\res\\values-hu\\values-hu.xml",
                    "from": {
                        "startLines": "2,3,4,5,6,7,8,9,10,11,12,13,14,15,16,17,18,19,20,21,22,23,24,25,26,27,28,29",
                        "startColumns": "4,4,4,4,4,4,4,4,4,4,4,4,4,4,4,4,4,4,4,4,4,4,4,4,4,4,4,4",
                        "startOffsets": "105,213,305,420,504,619,742,819,895,986,1078,1173,1267,1368,1461,1556,1651,1742,1833,1915,2025,2135,2235,2346,2455,2574,2756,2859",
                        "endColumns": "107,91,114,83,114,122,76,75,90,91,94,93,100,92,94,94,90,90,81,109,109,99,110,108,118,181,102,82",
                        "endOffsets": "208,300,415,499,614,737,814,890,981,1073,1168,1262,1363,1456,1551,1646,1737,1828,1910,2020,2130,2230,2341,2450,2569,2751,2854,2937"
                    },
                    "to": {
                        "startLines": "2,3,4,5,6,7,8,9,10,11,12,13,14,15,16,17,18,19,20,21,22,23,24,25,26,27,28,47",
                        "startColumns": "4,4,4,4,4,4,4,4,4,4,4,4,4,4,4,4,4,4,4,4,4,4,4,4,4,4,4,4",
                        "startOffsets": "105,213,305,420,504,619,742,819,895,986,1078,1173,1267,1368,1461,1556,1651,1742,1833,1915,2025,2135,2235,2346,2455,2574,2756,5776",
                        "endColumns": "107,91,114,83,114,122,76,75,90,91,94,93,100,92,94,94,90,90,81,109,109,99,110,108,118,181,102,82",
                        "endOffsets": "208,300,415,499,614,737,814,890,981,1073,1168,1262,1363,1456,1551,1646,1737,1828,1910,2020,2130,2230,2341,2450,2569,2751,2854,5854"
                    }
                },
                {
                    "source": "C:\\Users\\Sumbul\\.gradle\\caches\\transforms-2\\files-2.1\\75e7c473eccef2b3a0eec97fa3a7825b\\jetified-play-services-base-17.1.0\\res\\values-hu\\values.xml",
                    "from": {
                        "startLines": "4,5,6,7,8,9,10,11,12,13,14,15,16,17,18,19,20",
                        "startColumns": "0,0,0,0,0,0,0,0,0,0,0,0,0,0,0,0,0",
                        "startOffsets": "245,354,570,706,813,1040,1176,1324,1459,1688,1794,2010,2145,2376,2574,2671,2765",
                        "endColumns": "108,215,135,106,226,135,147,134,228,105,215,134,230,197,96,93,112",
                        "endOffsets": "353,569,705,812,1039,1175,1323,1458,1687,1793,2009,2144,2375,2573,2670,2764,2877"
                    },
                    "to": {
                        "startLines": "29,30,31,32,33,34,35,36,38,39,40,41,42,43,44,45,46",
                        "startColumns": "4,4,4,4,4,4,4,4,4,4,4,4,4,4,4,4,4",
                        "startOffsets": "2859,2972,3188,3328,3439,3666,3806,3958,4333,4562,4672,4888,5027,5258,5460,5561,5659",
                        "endColumns": "112,215,139,110,226,139,151,138,228,109,215,138,230,201,100,97,116",
                        "endOffsets": "2967,3183,3323,3434,3661,3801,3953,4092,4557,4667,4883,5022,5253,5455,5556,5654,5771"
                    }
                }
            ]
        }
    ]
}