{
    "logs": [
        {
            "outputFile": "D:\\Minor Project\\MyEventManager\\app\\build\\intermediates\\incremental\\mergeDebugResources\\merged.dir\\values-da\\values-da.xml",
            "map": [
                {
                    "source": "C:\\Users\\Sumbul\\.gradle\\caches\\transforms-2\\files-2.1\\75e7c473eccef2b3a0eec97fa3a7825b\\jetified-play-services-base-17.1.0\\res\\values-da\\values.xml",
                    "from": {
                        "startLines": "4,5,6,7,8,9,10,11,12,13,14,15,16,17,18,19,20",
                        "startColumns": "0,0,0,0,0,0,0,0,0,0,0,0,0,0,0,0,0",
                        "startOffsets": "245,349,541,666,773,975,1098,1244,1374,1589,1693,1886,2011,2215,2419,2511,2599",
                        "endColumns": "103,191,124,106,201,122,145,129,214,103,192,124,203,203,91,87,102",
                        "endOffsets": "348,540,665,772,974,1097,1243,1373,1588,1692,1885,2010,2214,2418,2510,2598,2701"
                    },
                    "to": {
                        "startLines": "29,30,31,32,33,34,35,36,38,39,40,41,42,43,44,45,46",
                        "startColumns": "4,4,4,4,4,4,4,4,4,4,4,4,4,4,4,4,4",
                        "startOffsets": "2757,2865,3057,3186,3297,3499,3626,3776,4096,4311,4419,4612,4741,4945,5153,5249,5341",
                        "endColumns": "107,191,128,110,201,126,149,133,214,107,192,128,203,207,95,91,106",
                        "endOffsets": "2860,3052,3181,3292,3494,3621,3771,3905,4306,4414,4607,4736,4940,5148,5244,5336,5443"
                    }
                },
                {
                    "source": "C:\\Users\\Sumbul\\.gradle\\caches\\transforms-2\\files-2.1\\164bb505b81f338baa0db13edd04c1d1\\jetified-play-services-basement-17.0.0\\res\\values-da\\values.xml",
                    "from": {
                        "startLines": "4",
                        "startColumns": "0",
                        "startOffsets": "247",
                        "endColumns": "185",
                        "endOffsets": "432"
                    },
                    "to": {
                        "startLines": "37",
                        "startColumns": "4",
                        "startOffsets": "3910",
                        "endColumns": "185",
                        "endOffsets": "4091"
                    }
                },
                {
                    "source": "C:\\Users\\Sumbul\\.gradle\\caches\\transforms-2\\files-2.1\\6c5a1a33c151bf1b1b969a4997bc8337\\appcompat-1.1.0\\res\\values-da\\values-da.xml",
                    "from": {
                        "startLines": "2,3,4,5,6,7,8,9,10,11,12,13,14,15,16,17,18,19,20,21,22,23,24,25,26,27,28,29",
                        "startColumns": "4,4,4,4,4,4,4,4,4,4,4,4,4,4,4,4,4,4,4,4,4,4,4,4,4,4,4,4",
                        "startOffsets": "105,205,299,415,500,600,713,791,868,959,1051,1144,1238,1333,1426,1521,1619,1710,1801,1879,1987,2094,2190,2303,2406,2507,2660,2757",
                        "endColumns": "99,93,115,84,99,112,77,76,90,91,92,93,94,92,94,97,90,90,77,107,106,95,112,102,100,152,96,78",
                        "endOffsets": "200,294,410,495,595,708,786,863,954,1046,1139,1233,1328,1421,1516,1614,1705,1796,1874,1982,2089,2185,2298,2401,2502,2655,2752,2831"
                    },
                    "to": {
                        "startLines": "2,3,4,5,6,7,8,9,10,11,12,13,14,15,16,17,18,19,20,21,22,23,24,25,26,27,28,47",
                        "startColumns": "4,4,4,4,4,4,4,4,4,4,4,4,4,4,4,4,4,4,4,4,4,4,4,4,4,4,4,4",
                        "startOffsets": "105,205,299,415,500,600,713,791,868,959,1051,1144,1238,1333,1426,1521,1619,1710,1801,1879,1987,2094,2190,2303,2406,2507,2660,5448",
                        "endColumns": "99,93,115,84,99,112,77,76,90,91,92,93,94,92,94,97,90,90,77,107,106,95,112,102,100,152,96,78",
                        "endOffsets": "200,294,410,495,595,708,786,863,954,1046,1139,1233,1328,1421,1516,1614,1705,1796,1874,1982,2089,2185,2298,2401,2502,2655,2752,5522"
                    }
                },
                {
                    "source": "C:\\Users\\Sumbul\\.gradle\\caches\\transforms-2\\files-2.1\\bcfc0b80df78591183083cc148e1cf2c\\core-1.1.0\\res\\values-da\\values-da.xml",
                    "from": {
                        "startLines": "2",
                        "startColumns": "4",
                        "startOffsets": "55",
                        "endColumns": "100",
                        "endOffsets": "151"
                    },
                    "to": {
                        "startLines": "48",
                        "startColumns": "4",
                        "startOffsets": "5527",
                        "endColumns": "100",
                        "endOffsets": "5623"
                    }
                }
            ]
        }
    ]
}