{
    "logs": [
        {
            "outputFile": "D:\\Minor Project\\MyEventManager\\app\\build\\intermediates\\incremental\\mergeDebugResources\\merged.dir\\values-ne\\values-ne.xml",
            "map": [
                {
                    "source": "C:\\Users\\Sumbul\\.gradle\\caches\\transforms-2\\files-2.1\\75e7c473eccef2b3a0eec97fa3a7825b\\jetified-play-services-base-17.1.0\\res\\values-ne\\values.xml",
                    "from": {
                        "startLines": "4,5,6,7,8,9,10,11,12,13,14,15,16,17,18,19,20",
                        "startColumns": "0,0,0,0,0,0,0,0,0,0,0,0,0,0,0,0,0",
                        "startOffsets": "245,358,548,680,795,1025,1159,1295,1425,1664,1780,1975,2110,2317,2495,2587,2685",
                        "endColumns": "112,189,131,114,229,133,135,129,238,115,194,134,206,177,91,97,116",
                        "endOffsets": "357,547,679,794,1024,1158,1294,1424,1663,1779,1974,2109,2316,2494,2586,2684,2801"
                    },
                    "to": {
                        "startLines": "29,30,31,32,33,34,35,36,38,39,40,41,42,43,44,45,46",
                        "startColumns": "4,4,4,4,4,4,4,4,4,4,4,4,4,4,4,4,4",
                        "startOffsets": "2888,3005,3195,3331,3450,3680,3818,3958,4315,4554,4674,4869,5008,5215,5397,5493,5595",
                        "endColumns": "116,189,135,118,229,137,139,133,238,119,194,138,206,181,95,101,120",
                        "endOffsets": "3000,3190,3326,3445,3675,3813,3953,4087,4549,4669,4864,5003,5210,5392,5488,5590,5711"
                    }
                },
                {
                    "source": "C:\\Users\\Sumbul\\.gradle\\caches\\transforms-2\\files-2.1\\6c5a1a33c151bf1b1b969a4997bc8337\\appcompat-1.1.0\\res\\values-ne\\values-ne.xml",
                    "from": {
                        "startLines": "2,3,4,5,6,7,8,9,10,11,12,13,14,15,16,17,18,19,20,21,22,23,24,25,26,27,28,29",
                        "startColumns": "4,4,4,4,4,4,4,4,4,4,4,4,4,4,4,4,4,4,4,4,4,4,4,4,4,4,4,4",
                        "startOffsets": "105,216,327,435,526,633,760,844,924,1015,1107,1202,1296,1397,1490,1585,1679,1770,1861,1946,2059,2160,2256,2369,2479,2603,2777,2888",
                        "endColumns": "110,110,107,90,106,126,83,79,90,91,94,93,100,92,94,93,90,90,84,112,100,95,112,109,123,173,110,78",
                        "endOffsets": "211,322,430,521,628,755,839,919,1010,1102,1197,1291,1392,1485,1580,1674,1765,1856,1941,2054,2155,2251,2364,2474,2598,2772,2883,2962"
                    },
                    "to": {
                        "startLines": "2,3,4,5,6,7,8,9,10,11,12,13,14,15,16,17,18,19,20,21,22,23,24,25,26,27,28,47",
                        "startColumns": "4,4,4,4,4,4,4,4,4,4,4,4,4,4,4,4,4,4,4,4,4,4,4,4,4,4,4,4",
                        "startOffsets": "105,216,327,435,526,633,760,844,924,1015,1107,1202,1296,1397,1490,1585,1679,1770,1861,1946,2059,2160,2256,2369,2479,2603,2777,5716",
                        "endColumns": "110,110,107,90,106,126,83,79,90,91,94,93,100,92,94,93,90,90,84,112,100,95,112,109,123,173,110,78",
                        "endOffsets": "211,322,430,521,628,755,839,919,1010,1102,1197,1291,1392,1485,1580,1674,1765,1856,1941,2054,2155,2251,2364,2474,2598,2772,2883,5790"
                    }
                },
                {
                    "source": "C:\\Users\\Sumbul\\.gradle\\caches\\transforms-2\\files-2.1\\bcfc0b80df78591183083cc148e1cf2c\\core-1.1.0\\res\\values-ne\\values-ne.xml",
                    "from": {
                        "startLines": "2",
                        "startColumns": "4",
                        "startOffsets": "55",
                        "endColumns": "100",
                        "endOffsets": "151"
                    },
                    "to": {
                        "startLines": "48",
                        "startColumns": "4",
                        "startOffsets": "5795",
                        "endColumns": "100",
                        "endOffsets": "5891"
                    }
                },
                {
                    "source": "C:\\Users\\Sumbul\\.gradle\\caches\\transforms-2\\files-2.1\\164bb505b81f338baa0db13edd04c1d1\\jetified-play-services-basement-17.0.0\\res\\values-ne\\values.xml",
                    "from": {
                        "startLines": "4",
                        "startColumns": "0",
                        "startOffsets": "247",
                        "endColumns": "222",
                        "endOffsets": "469"
                    },
                    "to": {
                        "startLines": "37",
                        "startColumns": "4",
                        "startOffsets": "4092",
                        "endColumns": "222",
                        "endOffsets": "4310"
                    }
                }
            ]
        }
    ]
}