{
    "logs": [
        {
            "outputFile": "D:\\Minor Project\\MyEventManager\\app\\build\\intermediates\\incremental\\mergeDebugResources\\merged.dir\\values-ru\\values-ru.xml",
            "map": [
                {
                    "source": "C:\\Users\\Sumbul\\.gradle\\caches\\transforms-2\\files-2.1\\75e7c473eccef2b3a0eec97fa3a7825b\\jetified-play-services-base-17.1.0\\res\\values-ru\\values.xml",
                    "from": {
                        "startLines": "4,5,6,7,8,9,10,11,12,13,14,15,16,17,18,19,20",
                        "startColumns": "0,0,0,0,0,0,0,0,0,0,0,0,0,0,0,0,0",
                        "startOffsets": "245,350,548,672,780,981,1108,1249,1378,1618,1723,1917,2041,2267,2451,2546,2632",
                        "endColumns": "104,197,123,107,200,126,140,128,239,104,193,123,225,183,94,85,110",
                        "endOffsets": "349,547,671,779,980,1107,1248,1377,1617,1722,1916,2040,2266,2450,2545,2631,2742"
                    },
                    "to": {
                        "startLines": "29,30,31,32,33,34,35,36,38,39,40,41,42,43,44,45,46",
                        "startColumns": "4,4,4,4,4,4,4,4,4,4,4,4,4,4,4,4,4",
                        "startOffsets": "2822,2931,3129,3257,3369,3570,3701,3846,4195,4435,4544,4738,4866,5092,5280,5379,5469",
                        "endColumns": "108,197,127,111,200,130,144,132,239,108,193,127,225,187,98,89,114",
                        "endOffsets": "2926,3124,3252,3364,3565,3696,3841,3974,4430,4539,4733,4861,5087,5275,5374,5464,5579"
                    }
                },
                {
                    "source": "C:\\Users\\Sumbul\\.gradle\\caches\\transforms-2\\files-2.1\\164bb505b81f338baa0db13edd04c1d1\\jetified-play-services-basement-17.0.0\\res\\values-ru\\values.xml",
                    "from": {
                        "startLines": "4",
                        "startColumns": "0",
                        "startOffsets": "247",
                        "endColumns": "215",
                        "endOffsets": "462"
                    },
                    "to": {
                        "startLines": "37",
                        "startColumns": "4",
                        "startOffsets": "3979",
                        "endColumns": "215",
                        "endOffsets": "4190"
                    }
                },
                {
                    "source": "C:\\Users\\Sumbul\\.gradle\\caches\\transforms-2\\files-2.1\\bcfc0b80df78591183083cc148e1cf2c\\core-1.1.0\\res\\values-ru\\values-ru.xml",
                    "from": {
                        "startLines": "2",
                        "startColumns": "4",
                        "startOffsets": "55",
                        "endColumns": "100",
                        "endOffsets": "151"
                    },
                    "to": {
                        "startLines": "48",
                        "startColumns": "4",
                        "startOffsets": "5665",
                        "endColumns": "100",
                        "endOffsets": "5761"
                    }
                },
                {
                    "source": "C:\\Users\\Sumbul\\.gradle\\caches\\transforms-2\\files-2.1\\6c5a1a33c151bf1b1b969a4997bc8337\\appcompat-1.1.0\\res\\values-ru\\values-ru.xml",
                    "from": {
                        "startLines": "2,3,4,5,6,7,8,9,10,11,12,13,14,15,16,17,18,19,20,21,22,23,24,25,26,27,28,29",
                        "startColumns": "4,4,4,4,4,4,4,4,4,4,4,4,4,4,4,4,4,4,4,4,4,4,4,4,4,4,4,4",
                        "startOffsets": "105,220,322,421,507,612,733,812,889,981,1074,1169,1262,1358,1452,1548,1643,1735,1827,1915,2021,2128,2226,2335,2442,2556,2722,2822",
                        "endColumns": "114,101,98,85,104,120,78,76,91,92,94,92,95,93,95,94,91,91,87,105,106,97,108,106,113,165,99,80",
                        "endOffsets": "215,317,416,502,607,728,807,884,976,1069,1164,1257,1353,1447,1543,1638,1730,1822,1910,2016,2123,2221,2330,2437,2551,2717,2817,2898"
                    },
                    "to": {
                        "startLines": "2,3,4,5,6,7,8,9,10,11,12,13,14,15,16,17,18,19,20,21,22,23,24,25,26,27,28,47",
                        "startColumns": "4,4,4,4,4,4,4,4,4,4,4,4,4,4,4,4,4,4,4,4,4,4,4,4,4,4,4,4",
                        "startOffsets": "105,220,322,421,507,612,733,812,889,981,1074,1169,1262,1358,1452,1548,1643,1735,1827,1915,2021,2128,2226,2335,2442,2556,2722,5584",
                        "endColumns": "114,101,98,85,104,120,78,76,91,92,94,92,95,93,95,94,91,91,87,105,106,97,108,106,113,165,99,80",
                        "endOffsets": "215,317,416,502,607,728,807,884,976,1069,1164,1257,1353,1447,1543,1638,1730,1822,1910,2016,2123,2221,2330,2437,2551,2717,2817,5660"
                    }
                }
            ]
        }
    ]
}