{
    "logs": [
        {
            "outputFile": "D:\\Minor Project\\MyEventManager\\app\\build\\intermediates\\incremental\\mergeDebugResources\\merged.dir\\values-zu\\values-zu.xml",
            "map": [
                {
                    "source": "C:\\Users\\Sumbul\\.gradle\\caches\\transforms-2\\files-2.1\\bcfc0b80df78591183083cc148e1cf2c\\core-1.1.0\\res\\values-zu\\values-zu.xml",
                    "from": {
                        "startLines": "2",
                        "startColumns": "4",
                        "startOffsets": "55",
                        "endColumns": "100",
                        "endOffsets": "151"
                    },
                    "to": {
                        "startLines": "48",
                        "startColumns": "4",
                        "startOffsets": "5646",
                        "endColumns": "100",
                        "endOffsets": "5742"
                    }
                },
                {
                    "source": "C:\\Users\\Sumbul\\.gradle\\caches\\transforms-2\\files-2.1\\164bb505b81f338baa0db13edd04c1d1\\jetified-play-services-basement-17.0.0\\res\\values-zu\\values.xml",
                    "from": {
                        "startLines": "4",
                        "startColumns": "0",
                        "startOffsets": "247",
                        "endColumns": "190",
                        "endOffsets": "437"
                    },
                    "to": {
                        "startLines": "37",
                        "startColumns": "4",
                        "startOffsets": "4006",
                        "endColumns": "190",
                        "endOffsets": "4192"
                    }
                },
                {
                    "source": "C:\\Users\\Sumbul\\.gradle\\caches\\transforms-2\\files-2.1\\75e7c473eccef2b3a0eec97fa3a7825b\\jetified-play-services-base-17.1.0\\res\\values-zu\\values.xml",
                    "from": {
                        "startLines": "4,5,6,7,8,9,10,11,12,13,14,15,16,17,18,19,20",
                        "startColumns": "0,0,0,0,0,0,0,0,0,0,0,0,0,0,0,0,0",
                        "startOffsets": "245,354,562,695,797,1024,1151,1301,1436,1655,1763,1959,2088,2305,2488,2575,2670",
                        "endColumns": "108,207,132,101,226,126,149,134,218,107,195,128,216,182,86,94,109",
                        "endOffsets": "353,561,694,796,1023,1150,1300,1435,1654,1762,1958,2087,2304,2487,2574,2669,2779"
                    },
                    "to": {
                        "startLines": "29,30,31,32,33,34,35,36,38,39,40,41,42,43,44,45,46",
                        "startColumns": "4,4,4,4,4,4,4,4,4,4,4,4,4,4,4,4,4",
                        "startOffsets": "2791,2904,3112,3249,3355,3582,3713,3867,4197,4416,4528,4724,4857,5074,5261,5352,5451",
                        "endColumns": "112,207,136,105,226,130,153,138,218,111,195,132,216,186,90,98,113",
                        "endOffsets": "2899,3107,3244,3350,3577,3708,3862,4001,4411,4523,4719,4852,5069,5256,5347,5446,5560"
                    }
                },
                {
                    "source": "C:\\Users\\Sumbul\\.gradle\\caches\\transforms-2\\files-2.1\\6c5a1a33c151bf1b1b969a4997bc8337\\appcompat-1.1.0\\res\\values-zu\\values-zu.xml",
                    "from": {
                        "startLines": "2,3,4,5,6,7,8,9,10,11,12,13,14,15,16,17,18,19,20,21,22,23,24,25,26,27,28,29",
                        "startColumns": "4,4,4,4,4,4,4,4,4,4,4,4,4,4,4,4,4,4,4,4,4,4,4,4,4,4,4,4",
                        "startOffsets": "105,213,320,432,520,623,738,817,895,986,1078,1173,1267,1368,1461,1556,1650,1741,1834,1914,2018,2121,2219,2326,2433,2538,2695,2791",
                        "endColumns": "107,106,111,87,102,114,78,77,90,91,94,93,100,92,94,93,90,92,79,103,102,97,106,106,104,156,95,80",
                        "endOffsets": "208,315,427,515,618,733,812,890,981,1073,1168,1262,1363,1456,1551,1645,1736,1829,1909,2013,2116,2214,2321,2428,2533,2690,2786,2867"
                    },
                    "to": {
                        "startLines": "2,3,4,5,6,7,8,9,10,11,12,13,14,15,16,17,18,19,20,21,22,23,24,25,26,27,28,47",
                        "startColumns": "4,4,4,4,4,4,4,4,4,4,4,4,4,4,4,4,4,4,4,4,4,4,4,4,4,4,4,4",
                        "startOffsets": "105,213,320,432,520,623,738,817,895,986,1078,1173,1267,1368,1461,1556,1650,1741,1834,1914,2018,2121,2219,2326,2433,2538,2695,5565",
                        "endColumns": "107,106,111,87,102,114,78,77,90,91,94,93,100,92,94,93,90,92,79,103,102,97,106,106,104,156,95,80",
                        "endOffsets": "208,315,427,515,618,733,812,890,981,1073,1168,1262,1363,1456,1551,1645,1736,1829,1909,2013,2116,2214,2321,2428,2533,2690,2786,5641"
                    }
                }
            ]
        }
    ]
}