{
    "logs": [
        {
            "outputFile": "D:\\Minor Project\\MyEventManager\\app\\build\\intermediates\\incremental\\mergeDebugResources\\merged.dir\\values-w820dp-v13\\values-w820dp-v13.xml",
            "map": [
                {
                    "source": "D:\\Minor Project\\MyEventManager\\app\\src\\main\\res\\values-w820dp\\dimens.xml",
                    "from": {
                        "startLines": "4",
                        "startColumns": "4",
                        "startOffsets": "295",
                        "endColumns": "57",
                        "endOffsets": "348"
                    },
                    "to": {
                        "startLines": "2",
                        "startColumns": "4",
                        "startOffsets": "55",
                        "endColumns": "57",
                        "endOffsets": "108"
                    }
                }
            ]
        }
    ]
}