{
    "logs": [
        {
            "outputFile": "D:\\Minor Project\\MyEventManager\\app\\build\\intermediates\\incremental\\mergeDebugResources\\merged.dir\\values-v22\\values-v22.xml",
            "map": [
                {
                    "source": "C:\\Users\\Sumbul\\.gradle\\caches\\transforms-2\\files-2.1\\6c5a1a33c151bf1b1b969a4997bc8337\\appcompat-1.1.0\\res\\values-v22\\values-v22.xml",
                    "from": {
                        "startLines": "2,3,4,9",
                        "startColumns": "4,4,4,4",
                        "startOffsets": "55,130,217,553",
                        "endLines": "2,3,8,13",
                        "endColumns": "74,86,12,12",
                        "endOffsets": "125,212,548,896"
                    }
                }
            ]
        }
    ]
}