{
    "logs": [
        {
            "outputFile": "D:\\Minor Project\\MyEventManager\\app\\build\\intermediates\\incremental\\mergeDebugResources\\merged.dir\\values-v24\\values-v24.xml",
            "map": [
                {
                    "source": "C:\\Users\\Sumbul\\.gradle\\caches\\transforms-2\\files-2.1\\6c5a1a33c151bf1b1b969a4997bc8337\\appcompat-1.1.0\\res\\values-v24\\values-v24.xml",
                    "from": {
                        "startLines": "2,3",
                        "startColumns": "4,4",
                        "startOffsets": "55,212",
                        "endColumns": "156,134",
                        "endOffsets": "207,342"
                    }
                },
                {
                    "source": "C:\\Users\\Sumbul\\.gradle\\caches\\transforms-2\\files-2.1\\8b5f852ea07e3e59838d34b817ca41ac\\media-1.0.0\\res\\values-v24\\values-v24.xml",
                    "from": {
                        "startLines": "2,3,4,5",
                        "startColumns": "4,4,4,4",
                        "startOffsets": "55,121,182,248",
                        "endColumns": "65,60,65,66",
                        "endOffsets": "116,177,243,310"
                    },
                    "to": {
                        "startLines": "4,5,6,7",
                        "startColumns": "4,4,4,4",
                        "startOffsets": "347,413,474,540",
                        "endColumns": "65,60,65,66",
                        "endOffsets": "408,469,535,602"
                    }
                }
            ]
        }
    ]
}