{
    "logs": [
        {
            "outputFile": "D:\\Minor Project\\MyEventManager\\app\\build\\intermediates\\incremental\\mergeDebugResources\\merged.dir\\values-small-v4\\values-small-v4.xml",
            "map": [
                {
                    "source": "C:\\Users\\Sumbul\\.gradle\\caches\\transforms-2\\files-2.1\\6029c1862846be4a7ec1743d4d20ec64\\material-1.1.0\\res\\values-small-v4\\values-small-v4.xml",
                    "from": {
                        "startLines": "2,3,4,5",
                        "startColumns": "4,4,4,4",
                        "startOffsets": "55,128,198,270",
                        "endColumns": "72,69,71,69",
                        "endOffsets": "123,193,265,335"
                    }
                }
            ]
        }
    ]
}