{
    "logs": [
        {
            "outputFile": "D:\\Minor Project\\MyEventManager\\app\\build\\intermediates\\incremental\\mergeDebugResources\\merged.dir\\values-v23\\values-v23.xml",
            "map": [
                {
                    "source": "C:\\Users\\Sumbul\\.gradle\\caches\\transforms-2\\files-2.1\\6029c1862846be4a7ec1743d4d20ec64\\material-1.1.0\\res\\values-v23\\values-v23.xml",
                    "from": {
                        "startLines": "2,6",
                        "startColumns": "4,4",
                        "startOffsets": "55,320",
                        "endLines": "5,9",
                        "endColumns": "10,10",
                        "endOffsets": "315,588"
                    },
                    "to": {
                        "startLines": "51,55",
                        "startColumns": "4,4",
                        "startOffsets": "3557,3822",
                        "endLines": "54,58",
                        "endColumns": "10,10",
                        "endOffsets": "3817,4090"
                    }
                },
                {
                    "source": "C:\\Users\\Sumbul\\.gradle\\caches\\transforms-2\\files-2.1\\6c5a1a33c151bf1b1b969a4997bc8337\\appcompat-1.1.0\\res\\values-v23\\values-v23.xml",
                    "from": {
                        "startLines": "2,3,4,5,6,20,34,35,36,37,41,42,43,44",
                        "startColumns": "4,4,4,4,4,4,4,4,4,4,4,4,4,4",
                        "startOffsets": "55,190,325,400,487,1371,2267,2386,2513,2618,2842,2957,3064,3177",
                        "endLines": "2,3,4,5,19,33,34,35,36,40,41,42,43,47",
                        "endColumns": "134,134,74,86,12,12,118,126,104,12,114,106,112,12",
                        "endOffsets": "185,320,395,482,1366,2262,2381,2508,2613,2837,2952,3059,3172,3402"
                    }
                },
                {
                    "source": "C:\\Users\\Sumbul\\.gradle\\caches\\transforms-2\\files-2.1\\923cd97b32caebf2e6b5629d421a10e9\\cardview-1.0.0\\res\\values-v23\\values-v23.xml",
                    "from": {
                        "startLines": "2",
                        "startColumns": "4",
                        "startOffsets": "55",
                        "endLines": "4",
                        "endColumns": "12",
                        "endOffsets": "200"
                    },
                    "to": {
                        "startLines": "48",
                        "startColumns": "4",
                        "startOffsets": "3407",
                        "endLines": "50",
                        "endColumns": "12",
                        "endOffsets": "3552"
                    }
                }
            ]
        }
    ]
}