{
    "logs": [
        {
            "outputFile": "D:\\Minor Project\\MyEventManager\\app\\build\\intermediates\\incremental\\mergeDebugResources\\merged.dir\\values-ko\\values-ko.xml",
            "map": [
                {
                    "source": "C:\\Users\\Sumbul\\.gradle\\caches\\transforms-2\\files-2.1\\164bb505b81f338baa0db13edd04c1d1\\jetified-play-services-basement-17.0.0\\res\\values-ko\\values.xml",
                    "from": {
                        "startLines": "4",
                        "startColumns": "0",
                        "startOffsets": "247",
                        "endColumns": "179",
                        "endOffsets": "426"
                    },
                    "to": {
                        "startLines": "37",
                        "startColumns": "4",
                        "startOffsets": "3738",
                        "endColumns": "179",
                        "endOffsets": "3913"
                    }
                },
                {
                    "source": "C:\\Users\\Sumbul\\.gradle\\caches\\transforms-2\\files-2.1\\75e7c473eccef2b3a0eec97fa3a7825b\\jetified-play-services-base-17.1.0\\res\\values-ko\\values.xml",
                    "from": {
                        "startLines": "4,5,6,7,8,9,10,11,12,13,14,15,16,17,18,19,20",
                        "startColumns": "0,0,0,0,0,0,0,0,0,0,0,0,0,0,0,0,0",
                        "startOffsets": "245,347,518,632,732,906,1021,1154,1274,1478,1579,1746,1862,2039,2184,2269,2353",
                        "endColumns": "101,170,113,99,173,114,132,119,203,100,166,115,176,144,84,83,99",
                        "endOffsets": "346,517,631,731,905,1020,1153,1273,1477,1578,1745,1861,2038,2183,2268,2352,2452"
                    },
                    "to": {
                        "startLines": "29,30,31,32,33,34,35,36,38,39,40,41,42,43,44,45,46",
                        "startColumns": "4,4,4,4,4,4,4,4,4,4,4,4,4,4,4,4,4",
                        "startOffsets": "2685,2791,2962,3080,3184,3358,3477,3614,3918,4122,4227,4394,4514,4691,4840,4929,5017",
                        "endColumns": "105,170,117,103,173,118,136,123,203,104,166,119,176,148,88,87,103",
                        "endOffsets": "2786,2957,3075,3179,3353,3472,3609,3733,4117,4222,4389,4509,4686,4835,4924,5012,5116"
                    }
                },
                {
                    "source": "C:\\Users\\Sumbul\\.gradle\\caches\\transforms-2\\files-2.1\\6c5a1a33c151bf1b1b969a4997bc8337\\appcompat-1.1.0\\res\\values-ko\\values-ko.xml",
                    "from": {
                        "startLines": "2,3,4,5,6,7,8,9,10,11,12,13,14,15,16,17,18,19,20,21,22,23,24,25,26,27,28,29",
                        "startColumns": "4,4,4,4,4,4,4,4,4,4,4,4,4,4,4,4,4,4,4,4,4,4,4,4,4,4,4,4",
                        "startOffsets": "105,202,296,397,479,577,683,763,839,930,1022,1117,1211,1312,1405,1500,1594,1685,1776,1855,1953,2047,2142,2242,2339,2439,2591,2685",
                        "endColumns": "96,93,100,81,97,105,79,75,90,91,94,93,100,92,94,93,90,90,78,97,93,94,99,96,99,151,93,77",
                        "endOffsets": "197,291,392,474,572,678,758,834,925,1017,1112,1206,1307,1400,1495,1589,1680,1771,1850,1948,2042,2137,2237,2334,2434,2586,2680,2758"
                    },
                    "to": {
                        "startLines": "2,3,4,5,6,7,8,9,10,11,12,13,14,15,16,17,18,19,20,21,22,23,24,25,26,27,28,47",
                        "startColumns": "4,4,4,4,4,4,4,4,4,4,4,4,4,4,4,4,4,4,4,4,4,4,4,4,4,4,4,4",
                        "startOffsets": "105,202,296,397,479,577,683,763,839,930,1022,1117,1211,1312,1405,1500,1594,1685,1776,1855,1953,2047,2142,2242,2339,2439,2591,5121",
                        "endColumns": "96,93,100,81,97,105,79,75,90,91,94,93,100,92,94,93,90,90,78,97,93,94,99,96,99,151,93,77",
                        "endOffsets": "197,291,392,474,572,678,758,834,925,1017,1112,1206,1307,1400,1495,1589,1680,1771,1850,1948,2042,2137,2237,2334,2434,2586,2680,5194"
                    }
                },
                {
                    "source": "C:\\Users\\Sumbul\\.gradle\\caches\\transforms-2\\files-2.1\\bcfc0b80df78591183083cc148e1cf2c\\core-1.1.0\\res\\values-ko\\values-ko.xml",
                    "from": {
                        "startLines": "2",
                        "startColumns": "4",
                        "startOffsets": "55",
                        "endColumns": "100",
                        "endOffsets": "151"
                    },
                    "to": {
                        "startLines": "48",
                        "startColumns": "4",
                        "startOffsets": "5199",
                        "endColumns": "100",
                        "endOffsets": "5295"
                    }
                }
            ]
        }
    ]
}