{
    "logs": [
        {
            "outputFile": "D:\\Minor Project\\MyEventManager\\app\\build\\intermediates\\incremental\\mergeDebugResources\\merged.dir\\values-it\\values-it.xml",
            "map": [
                {
                    "source": "C:\\Users\\Sumbul\\.gradle\\caches\\transforms-2\\files-2.1\\6c5a1a33c151bf1b1b969a4997bc8337\\appcompat-1.1.0\\res\\values-it\\values-it.xml",
                    "from": {
                        "startLines": "2,3,4,5,6,7,8,9,10,11,12,13,14,15,16,17,18,19,20,21,22,23,24,25,26,27,28,29",
                        "startColumns": "4,4,4,4,4,4,4,4,4,4,4,4,4,4,4,4,4,4,4,4,4,4,4,4,4,4,4,4",
                        "startOffsets": "105,210,313,422,506,611,730,808,884,976,1069,1162,1256,1358,1452,1549,1644,1736,1828,1908,2014,2121,2219,2323,2429,2536,2699,2799",
                        "endColumns": "104,102,108,83,104,118,77,75,91,92,92,93,101,93,96,94,91,91,79,105,106,97,103,105,106,162,99,80",
                        "endOffsets": "205,308,417,501,606,725,803,879,971,1064,1157,1251,1353,1447,1544,1639,1731,1823,1903,2009,2116,2214,2318,2424,2531,2694,2794,2875"
                    },
                    "to": {
                        "startLines": "2,3,4,5,6,7,8,9,10,11,12,13,14,15,16,17,18,19,20,21,22,23,24,25,26,27,28,47",
                        "startColumns": "4,4,4,4,4,4,4,4,4,4,4,4,4,4,4,4,4,4,4,4,4,4,4,4,4,4,4,4",
                        "startOffsets": "105,210,313,422,506,611,730,808,884,976,1069,1162,1256,1358,1452,1549,1644,1736,1828,1908,2014,2121,2219,2323,2429,2536,2699,5510",
                        "endColumns": "104,102,108,83,104,118,77,75,91,92,92,93,101,93,96,94,91,91,79,105,106,97,103,105,106,162,99,80",
                        "endOffsets": "205,308,417,501,606,725,803,879,971,1064,1157,1251,1353,1447,1544,1639,1731,1823,1903,2009,2116,2214,2318,2424,2531,2694,2794,5586"
                    }
                },
                {
                    "source": "C:\\Users\\Sumbul\\.gradle\\caches\\transforms-2\\files-2.1\\75e7c473eccef2b3a0eec97fa3a7825b\\jetified-play-services-base-17.1.0\\res\\values-it\\values.xml",
                    "from": {
                        "startLines": "4,5,6,7,8,9,10,11,12,13,14,15,16,17,18,19,20",
                        "startColumns": "0,0,0,0,0,0,0,0,0,0,0,0,0,0,0,0,0",
                        "startOffsets": "245,348,531,654,760,977,1103,1249,1378,1594,1699,1884,2009,2224,2431,2524,2611",
                        "endColumns": "102,182,122,105,216,125,145,128,215,104,184,124,214,206,92,86,101",
                        "endOffsets": "347,530,653,759,976,1102,1248,1377,1593,1698,1883,2008,2223,2430,2523,2610,2712"
                    },
                    "to": {
                        "startLines": "29,30,31,32,33,34,35,36,38,39,40,41,42,43,44,45,46",
                        "startColumns": "4,4,4,4,4,4,4,4,4,4,4,4,4,4,4,4,4",
                        "startOffsets": "2799,2906,3089,3216,3326,3543,3673,3823,4151,4367,4476,4661,4790,5005,5216,5313,5404",
                        "endColumns": "106,182,126,109,216,129,149,132,215,108,184,128,214,210,96,90,105",
                        "endOffsets": "2901,3084,3211,3321,3538,3668,3818,3951,4362,4471,4656,4785,5000,5211,5308,5399,5505"
                    }
                },
                {
                    "source": "C:\\Users\\Sumbul\\.gradle\\caches\\transforms-2\\files-2.1\\bcfc0b80df78591183083cc148e1cf2c\\core-1.1.0\\res\\values-it\\values-it.xml",
                    "from": {
                        "startLines": "2",
                        "startColumns": "4",
                        "startOffsets": "55",
                        "endColumns": "100",
                        "endOffsets": "151"
                    },
                    "to": {
                        "startLines": "48",
                        "startColumns": "4",
                        "startOffsets": "5591",
                        "endColumns": "100",
                        "endOffsets": "5687"
                    }
                },
                {
                    "source": "C:\\Users\\Sumbul\\.gradle\\caches\\transforms-2\\files-2.1\\164bb505b81f338baa0db13edd04c1d1\\jetified-play-services-basement-17.0.0\\res\\values-it\\values.xml",
                    "from": {
                        "startLines": "4",
                        "startColumns": "0",
                        "startOffsets": "247",
                        "endColumns": "194",
                        "endOffsets": "441"
                    },
                    "to": {
                        "startLines": "37",
                        "startColumns": "4",
                        "startOffsets": "3956",
                        "endColumns": "194",
                        "endOffsets": "4146"
                    }
                }
            ]
        }
    ]
}