{
    "logs": [
        {
            "outputFile": "D:\\Minor Project\\MyEventManager\\app\\build\\intermediates\\incremental\\mergeDebugResources\\merged.dir\\values-mn\\values-mn.xml",
            "map": [
                {
                    "source": "C:\\Users\\Sumbul\\.gradle\\caches\\transforms-2\\files-2.1\\164bb505b81f338baa0db13edd04c1d1\\jetified-play-services-basement-17.0.0\\res\\values-mn\\values.xml",
                    "from": {
                        "startLines": "4",
                        "startColumns": "0",
                        "startOffsets": "247",
                        "endColumns": "208",
                        "endOffsets": "455"
                    },
                    "to": {
                        "startLines": "37",
                        "startColumns": "4",
                        "startOffsets": "3963",
                        "endColumns": "208",
                        "endOffsets": "4167"
                    }
                },
                {
                    "source": "C:\\Users\\Sumbul\\.gradle\\caches\\transforms-2\\files-2.1\\6c5a1a33c151bf1b1b969a4997bc8337\\appcompat-1.1.0\\res\\values-mn\\values-mn.xml",
                    "from": {
                        "startLines": "2,3,4,5,6,7,8,9,10,11,12,13,14,15,16,17,18,19,20,21,22,23,24,25,26,27,28,29",
                        "startColumns": "4,4,4,4,4,4,4,4,4,4,4,4,4,4,4,4,4,4,4,4,4,4,4,4,4,4,4,4",
                        "startOffsets": "105,219,319,428,514,620,734,817,899,990,1082,1177,1273,1371,1464,1558,1650,1741,1831,1910,2017,2120,2217,2324,2426,2539,2698,2797",
                        "endColumns": "113,99,108,85,105,113,82,81,90,91,94,95,97,92,93,91,90,89,78,106,102,96,106,101,112,158,98,79",
                        "endOffsets": "214,314,423,509,615,729,812,894,985,1077,1172,1268,1366,1459,1553,1645,1736,1826,1905,2012,2115,2212,2319,2421,2534,2693,2792,2872"
                    },
                    "to": {
                        "startLines": "2,3,4,5,6,7,8,9,10,11,12,13,14,15,16,17,18,19,20,21,22,23,24,25,26,27,28,47",
                        "startColumns": "4,4,4,4,4,4,4,4,4,4,4,4,4,4,4,4,4,4,4,4,4,4,4,4,4,4,4,4",
                        "startOffsets": "105,219,319,428,514,620,734,817,899,990,1082,1177,1273,1371,1464,1558,1650,1741,1831,1910,2017,2120,2217,2324,2426,2539,2698,5501",
                        "endColumns": "113,99,108,85,105,113,82,81,90,91,94,95,97,92,93,91,90,89,78,106,102,96,106,101,112,158,98,79",
                        "endOffsets": "214,314,423,509,615,729,812,894,985,1077,1172,1268,1366,1459,1553,1645,1736,1826,1905,2012,2115,2212,2319,2421,2534,2693,2792,5576"
                    }
                },
                {
                    "source": "C:\\Users\\Sumbul\\.gradle\\caches\\transforms-2\\files-2.1\\75e7c473eccef2b3a0eec97fa3a7825b\\jetified-play-services-base-17.1.0\\res\\values-mn\\values.xml",
                    "from": {
                        "startLines": "4,5,6,7,8,9,10,11,12,13,14,15,16,17,18,19,20",
                        "startColumns": "0,0,0,0,0,0,0,0,0,0,0,0,0,0,0,0,0",
                        "startOffsets": "245,353,542,672,777,973,1097,1252,1387,1590,1695,1894,2021,2221,2415,2502,2590",
                        "endColumns": "107,188,129,104,195,123,154,134,202,104,198,126,199,193,86,87,101",
                        "endOffsets": "352,541,671,776,972,1096,1251,1386,1589,1694,1893,2020,2220,2414,2501,2589,2691"
                    },
                    "to": {
                        "startLines": "29,30,31,32,33,34,35,36,38,39,40,41,42,43,44,45,46",
                        "startColumns": "4,4,4,4,4,4,4,4,4,4,4,4,4,4,4,4,4",
                        "startOffsets": "2797,2909,3098,3232,3341,3537,3665,3824,4172,4375,4484,4683,4814,5014,5212,5303,5395",
                        "endColumns": "111,188,133,108,195,127,158,138,202,108,198,130,199,197,90,91,105",
                        "endOffsets": "2904,3093,3227,3336,3532,3660,3819,3958,4370,4479,4678,4809,5009,5207,5298,5390,5496"
                    }
                },
                {
                    "source": "C:\\Users\\Sumbul\\.gradle\\caches\\transforms-2\\files-2.1\\bcfc0b80df78591183083cc148e1cf2c\\core-1.1.0\\res\\values-mn\\values-mn.xml",
                    "from": {
                        "startLines": "2",
                        "startColumns": "4",
                        "startOffsets": "55",
                        "endColumns": "100",
                        "endOffsets": "151"
                    },
                    "to": {
                        "startLines": "48",
                        "startColumns": "4",
                        "startOffsets": "5581",
                        "endColumns": "100",
                        "endOffsets": "5677"
                    }
                }
            ]
        }
    ]
}