{
    "logs": [
        {
            "outputFile": "D:\\Minor Project\\MyEventManager\\app\\build\\intermediates\\incremental\\mergeDebugResources\\merged.dir\\values-sq\\values-sq.xml",
            "map": [
                {
                    "source": "C:\\Users\\Sumbul\\.gradle\\caches\\transforms-2\\files-2.1\\75e7c473eccef2b3a0eec97fa3a7825b\\jetified-play-services-base-17.1.0\\res\\values-sq\\values.xml",
                    "from": {
                        "startLines": "4,5,6,7,8,9,10,11,12,13,14,15,16,17,18,19,20",
                        "startColumns": "0,0,0,0,0,0,0,0,0,0,0,0,0,0,0,0,0",
                        "startOffsets": "245,350,555,690,795,1015,1147,1299,1440,1669,1775,1981,2117,2345,2555,2646,2739",
                        "endColumns": "104,204,134,104,219,131,151,140,228,105,205,135,227,209,90,92,106",
                        "endOffsets": "349,554,689,794,1014,1146,1298,1439,1668,1774,1980,2116,2344,2554,2645,2738,2845"
                    },
                    "to": {
                        "startLines": "29,30,31,32,33,34,35,36,38,39,40,41,42,43,44,45,46",
                        "startColumns": "4,4,4,4,4,4,4,4,4,4,4,4,4,4,4,4,4",
                        "startOffsets": "2801,2910,3115,3254,3363,3583,3719,3875,4208,4437,4547,4753,4893,5121,5335,5430,5527",
                        "endColumns": "108,204,138,108,219,135,155,144,228,109,205,139,227,213,94,96,110",
                        "endOffsets": "2905,3110,3249,3358,3578,3714,3870,4015,4432,4542,4748,4888,5116,5330,5425,5522,5633"
                    }
                },
                {
                    "source": "C:\\Users\\Sumbul\\.gradle\\caches\\transforms-2\\files-2.1\\bcfc0b80df78591183083cc148e1cf2c\\core-1.1.0\\res\\values-sq\\values-sq.xml",
                    "from": {
                        "startLines": "2",
                        "startColumns": "4",
                        "startOffsets": "55",
                        "endColumns": "100",
                        "endOffsets": "151"
                    },
                    "to": {
                        "startLines": "48",
                        "startColumns": "4",
                        "startOffsets": "5719",
                        "endColumns": "100",
                        "endOffsets": "5815"
                    }
                },
                {
                    "source": "C:\\Users\\Sumbul\\.gradle\\caches\\transforms-2\\files-2.1\\6c5a1a33c151bf1b1b969a4997bc8337\\appcompat-1.1.0\\res\\values-sq\\values-sq.xml",
                    "from": {
                        "startLines": "2,3,4,5,6,7,8,9,10,11,12,13,14,15,16,17,18,19,20,21,22,23,24,25,26,27,28,29",
                        "startColumns": "4,4,4,4,4,4,4,4,4,4,4,4,4,4,4,4,4,4,4,4,4,4,4,4,4,4,4,4",
                        "startOffsets": "105,219,319,431,517,623,746,828,907,998,1090,1185,1279,1381,1474,1569,1666,1757,1850,1930,2036,2140,2238,2344,2448,2550,2704,2801",
                        "endColumns": "113,99,111,85,105,122,81,78,90,91,94,93,101,92,94,96,90,92,79,105,103,97,105,103,101,153,96,80",
                        "endOffsets": "214,314,426,512,618,741,823,902,993,1085,1180,1274,1376,1469,1564,1661,1752,1845,1925,2031,2135,2233,2339,2443,2545,2699,2796,2877"
                    },
                    "to": {
                        "startLines": "2,3,4,5,6,7,8,9,10,11,12,13,14,15,16,17,18,19,20,21,22,23,24,25,26,27,28,47",
                        "startColumns": "4,4,4,4,4,4,4,4,4,4,4,4,4,4,4,4,4,4,4,4,4,4,4,4,4,4,4,4",
                        "startOffsets": "105,219,319,431,517,623,746,828,907,998,1090,1185,1279,1381,1474,1569,1666,1757,1850,1930,2036,2140,2238,2344,2448,2550,2704,5638",
                        "endColumns": "113,99,111,85,105,122,81,78,90,91,94,93,101,92,94,96,90,92,79,105,103,97,105,103,101,153,96,80",
                        "endOffsets": "214,314,426,512,618,741,823,902,993,1085,1180,1274,1376,1469,1564,1661,1752,1845,1925,2031,2135,2233,2339,2443,2545,2699,2796,5714"
                    }
                },
                {
                    "source": "C:\\Users\\Sumbul\\.gradle\\caches\\transforms-2\\files-2.1\\164bb505b81f338baa0db13edd04c1d1\\jetified-play-services-basement-17.0.0\\res\\values-sq\\values.xml",
                    "from": {
                        "startLines": "4",
                        "startColumns": "0",
                        "startOffsets": "247",
                        "endColumns": "187",
                        "endOffsets": "434"
                    },
                    "to": {
                        "startLines": "37",
                        "startColumns": "4",
                        "startOffsets": "4020",
                        "endColumns": "187",
                        "endOffsets": "4203"
                    }
                }
            ]
        }
    ]
}