{
    "logs": [
        {
            "outputFile": "D:\\Minor Project\\MyEventManager\\app\\build\\intermediates\\incremental\\mergeDebugResources\\merged.dir\\values-ky\\values-ky.xml",
            "map": [
                {
                    "source": "C:\\Users\\Sumbul\\.gradle\\caches\\transforms-2\\files-2.1\\75e7c473eccef2b3a0eec97fa3a7825b\\jetified-play-services-base-17.1.0\\res\\values-ky\\values.xml",
                    "from": {
                        "startLines": "4,5,6,7,8,9,10,11,12,13,14,15,16,17,18,19,20",
                        "startColumns": "0,0,0,0,0,0,0,0,0,0,0,0,0,0,0,0,0",
                        "startOffsets": "245,349,530,657,762,966,1091,1232,1366,1594,1699,1880,2008,2204,2397,2487,2573",
                        "endColumns": "103,180,126,104,203,124,140,133,227,104,180,127,195,192,89,85,102",
                        "endOffsets": "348,529,656,761,965,1090,1231,1365,1593,1698,1879,2007,2203,2396,2486,2572,2675"
                    },
                    "to": {
                        "startLines": "29,30,31,32,33,34,35,36,38,39,40,41,42,43,44,45,46",
                        "startColumns": "4,4,4,4,4,4,4,4,4,4,4,4,4,4,4,4,4",
                        "startOffsets": "2820,2928,3109,3240,3349,3553,3682,3827,4186,4414,4523,4704,4836,5032,5229,5323,5413",
                        "endColumns": "107,180,130,108,203,128,144,137,227,108,180,131,195,196,93,89,106",
                        "endOffsets": "2923,3104,3235,3344,3548,3677,3822,3960,4409,4518,4699,4831,5027,5224,5318,5408,5515"
                    }
                },
                {
                    "source": "C:\\Users\\Sumbul\\.gradle\\caches\\transforms-2\\files-2.1\\164bb505b81f338baa0db13edd04c1d1\\jetified-play-services-basement-17.0.0\\res\\values-ky\\values.xml",
                    "from": {
                        "startLines": "4",
                        "startColumns": "0",
                        "startOffsets": "247",
                        "endColumns": "220",
                        "endOffsets": "467"
                    },
                    "to": {
                        "startLines": "37",
                        "startColumns": "4",
                        "startOffsets": "3965",
                        "endColumns": "220",
                        "endOffsets": "4181"
                    }
                },
                {
                    "source": "C:\\Users\\Sumbul\\.gradle\\caches\\transforms-2\\files-2.1\\6c5a1a33c151bf1b1b969a4997bc8337\\appcompat-1.1.0\\res\\values-ky\\values-ky.xml",
                    "from": {
                        "startLines": "2,3,4,5,6,7,8,9,10,11,12,13,14,15,16,17,18,19,20,21,22,23,24,25,26,27,28,29",
                        "startColumns": "4,4,4,4,4,4,4,4,4,4,4,4,4,4,4,4,4,4,4,4,4,4,4,4,4,4,4,4",
                        "startOffsets": "105,216,325,437,522,627,744,823,902,993,1085,1180,1274,1375,1468,1563,1658,1749,1840,1920,2026,2131,2229,2336,2442,2557,2718,2820",
                        "endColumns": "110,108,111,84,104,116,78,78,90,91,94,93,100,92,94,94,90,90,79,105,104,97,106,105,114,160,101,80",
                        "endOffsets": "211,320,432,517,622,739,818,897,988,1080,1175,1269,1370,1463,1558,1653,1744,1835,1915,2021,2126,2224,2331,2437,2552,2713,2815,2896"
                    },
                    "to": {
                        "startLines": "2,3,4,5,6,7,8,9,10,11,12,13,14,15,16,17,18,19,20,21,22,23,24,25,26,27,28,47",
                        "startColumns": "4,4,4,4,4,4,4,4,4,4,4,4,4,4,4,4,4,4,4,4,4,4,4,4,4,4,4,4",
                        "startOffsets": "105,216,325,437,522,627,744,823,902,993,1085,1180,1274,1375,1468,1563,1658,1749,1840,1920,2026,2131,2229,2336,2442,2557,2718,5520",
                        "endColumns": "110,108,111,84,104,116,78,78,90,91,94,93,100,92,94,94,90,90,79,105,104,97,106,105,114,160,101,80",
                        "endOffsets": "211,320,432,517,622,739,818,897,988,1080,1175,1269,1370,1463,1558,1653,1744,1835,1915,2021,2126,2224,2331,2437,2552,2713,2815,5596"
                    }
                },
                {
                    "source": "C:\\Users\\Sumbul\\.gradle\\caches\\transforms-2\\files-2.1\\bcfc0b80df78591183083cc148e1cf2c\\core-1.1.0\\res\\values-ky\\values-ky.xml",
                    "from": {
                        "startLines": "2",
                        "startColumns": "4",
                        "startOffsets": "55",
                        "endColumns": "100",
                        "endOffsets": "151"
                    },
                    "to": {
                        "startLines": "48",
                        "startColumns": "4",
                        "startOffsets": "5601",
                        "endColumns": "100",
                        "endOffsets": "5697"
                    }
                }
            ]
        }
    ]
}