{
    "logs": [
        {
            "outputFile": "D:\\Minor Project\\MyEventManager\\app\\build\\intermediates\\incremental\\mergeDebugResources\\merged.dir\\values-pa\\values-pa.xml",
            "map": [
                {
                    "source": "C:\\Users\\Sumbul\\.gradle\\caches\\transforms-2\\files-2.1\\6c5a1a33c151bf1b1b969a4997bc8337\\appcompat-1.1.0\\res\\values-pa\\values-pa.xml",
                    "from": {
                        "startLines": "2,3,4,5,6,7,8,9,10,11,12,13,14,15,16,17,18,19,20,21,22,23,24,25,26,27,28,29",
                        "startColumns": "4,4,4,4,4,4,4,4,4,4,4,4,4,4,4,4,4,4,4,4,4,4,4,4,4,4,4,4",
                        "startOffsets": "105,208,305,410,496,596,709,787,865,956,1048,1142,1236,1337,1430,1525,1619,1710,1801,1879,1989,2092,2188,2299,2401,2511,2670,2767",
                        "endColumns": "102,96,104,85,99,112,77,77,90,91,93,93,100,92,94,93,90,90,77,109,102,95,110,101,109,158,96,78",
                        "endOffsets": "203,300,405,491,591,704,782,860,951,1043,1137,1231,1332,1425,1520,1614,1705,1796,1874,1984,2087,2183,2294,2396,2506,2665,2762,2841"
                    },
                    "to": {
                        "startLines": "2,3,4,5,6,7,8,9,10,11,12,13,14,15,16,17,18,19,20,21,22,23,24,25,26,27,28,47",
                        "startColumns": "4,4,4,4,4,4,4,4,4,4,4,4,4,4,4,4,4,4,4,4,4,4,4,4,4,4,4,4",
                        "startOffsets": "105,208,305,410,496,596,709,787,865,956,1048,1142,1236,1337,1430,1525,1619,1710,1801,1879,1989,2092,2188,2299,2401,2511,2670,5523",
                        "endColumns": "102,96,104,85,99,112,77,77,90,91,93,93,100,92,94,93,90,90,77,109,102,95,110,101,109,158,96,78",
                        "endOffsets": "203,300,405,491,591,704,782,860,951,1043,1137,1231,1332,1425,1520,1614,1705,1796,1874,1984,2087,2183,2294,2396,2506,2665,2762,5597"
                    }
                },
                {
                    "source": "C:\\Users\\Sumbul\\.gradle\\caches\\transforms-2\\files-2.1\\164bb505b81f338baa0db13edd04c1d1\\jetified-play-services-basement-17.0.0\\res\\values-pa\\values.xml",
                    "from": {
                        "startLines": "4",
                        "startColumns": "0",
                        "startOffsets": "247",
                        "endColumns": "209",
                        "endOffsets": "456"
                    },
                    "to": {
                        "startLines": "37",
                        "startColumns": "4",
                        "startOffsets": "3937",
                        "endColumns": "209",
                        "endOffsets": "4142"
                    }
                },
                {
                    "source": "C:\\Users\\Sumbul\\.gradle\\caches\\transforms-2\\files-2.1\\bcfc0b80df78591183083cc148e1cf2c\\core-1.1.0\\res\\values-pa\\values-pa.xml",
                    "from": {
                        "startLines": "2",
                        "startColumns": "4",
                        "startOffsets": "55",
                        "endColumns": "100",
                        "endOffsets": "151"
                    },
                    "to": {
                        "startLines": "48",
                        "startColumns": "4",
                        "startOffsets": "5602",
                        "endColumns": "100",
                        "endOffsets": "5698"
                    }
                },
                {
                    "source": "C:\\Users\\Sumbul\\.gradle\\caches\\transforms-2\\files-2.1\\75e7c473eccef2b3a0eec97fa3a7825b\\jetified-play-services-base-17.1.0\\res\\values-pa\\values.xml",
                    "from": {
                        "startLines": "4,5,6,7,8,9,10,11,12,13,14,15,16,17,18,19,20",
                        "startColumns": "0,0,0,0,0,0,0,0,0,0,0,0,0,0,0,0,0",
                        "startOffsets": "245,350,555,683,790,996,1123,1262,1391,1612,1719,1923,2053,2265,2452,2544,2636",
                        "endColumns": "104,204,127,106,205,126,138,128,220,106,203,129,211,186,91,91,106",
                        "endOffsets": "349,554,682,789,995,1122,1261,1390,1611,1718,1922,2052,2264,2451,2543,2635,2742"
                    },
                    "to": {
                        "startLines": "29,30,31,32,33,34,35,36,38,39,40,41,42,43,44,45,46",
                        "startColumns": "4,4,4,4,4,4,4,4,4,4,4,4,4,4,4,4,4",
                        "startOffsets": "2767,2876,3081,3213,3324,3530,3661,3804,4147,4368,4479,4683,4817,5029,5220,5316,5412",
                        "endColumns": "108,204,131,110,205,130,142,132,220,110,203,133,211,190,95,95,110",
                        "endOffsets": "2871,3076,3208,3319,3525,3656,3799,3932,4363,4474,4678,4812,5024,5215,5311,5407,5518"
                    }
                }
            ]
        }
    ]
}