{
    "logs": [
        {
            "outputFile": "D:\\Minor Project\\MyEventManager\\app\\build\\intermediates\\incremental\\mergeDebugResources\\merged.dir\\values-lo\\values-lo.xml",
            "map": [
                {
                    "source": "C:\\Users\\Sumbul\\.gradle\\caches\\transforms-2\\files-2.1\\164bb505b81f338baa0db13edd04c1d1\\jetified-play-services-basement-17.0.0\\res\\values-lo\\values.xml",
                    "from": {
                        "startLines": "4",
                        "startColumns": "0",
                        "startOffsets": "247",
                        "endColumns": "190",
                        "endOffsets": "437"
                    },
                    "to": {
                        "startLines": "37",
                        "startColumns": "4",
                        "startOffsets": "3946",
                        "endColumns": "190",
                        "endOffsets": "4132"
                    }
                },
                {
                    "source": "C:\\Users\\Sumbul\\.gradle\\caches\\transforms-2\\files-2.1\\6c5a1a33c151bf1b1b969a4997bc8337\\appcompat-1.1.0\\res\\values-lo\\values-lo.xml",
                    "from": {
                        "startLines": "2,3,4,5,6,7,8,9,10,11,12,13,14,15,16,17,18,19,20,21,22,23,24,25,26,27,28,29",
                        "startColumns": "4,4,4,4,4,4,4,4,4,4,4,4,4,4,4,4,4,4,4,4,4,4,4,4,4,4,4,4",
                        "startOffsets": "105,208,311,424,509,613,724,802,880,971,1063,1155,1249,1350,1443,1538,1634,1725,1816,1896,2003,2107,2205,2308,2412,2516,2673,2772",
                        "endColumns": "102,102,112,84,103,110,77,77,90,91,91,93,100,92,94,95,90,90,79,106,103,97,102,103,103,156,98,80",
                        "endOffsets": "203,306,419,504,608,719,797,875,966,1058,1150,1244,1345,1438,1533,1629,1720,1811,1891,1998,2102,2200,2303,2407,2511,2668,2767,2848"
                    },
                    "to": {
                        "startLines": "2,3,4,5,6,7,8,9,10,11,12,13,14,15,16,17,18,19,20,21,22,23,24,25,26,27,28,47",
                        "startColumns": "4,4,4,4,4,4,4,4,4,4,4,4,4,4,4,4,4,4,4,4,4,4,4,4,4,4,4,4",
                        "startOffsets": "105,208,311,424,509,613,724,802,880,971,1063,1155,1249,1350,1443,1538,1634,1725,1816,1896,2003,2107,2205,2308,2412,2516,2673,5515",
                        "endColumns": "102,102,112,84,103,110,77,77,90,91,91,93,100,92,94,95,90,90,79,106,103,97,102,103,103,156,98,80",
                        "endOffsets": "203,306,419,504,608,719,797,875,966,1058,1150,1244,1345,1438,1533,1629,1720,1811,1891,1998,2102,2200,2303,2407,2511,2668,2767,5591"
                    }
                },
                {
                    "source": "C:\\Users\\Sumbul\\.gradle\\caches\\transforms-2\\files-2.1\\75e7c473eccef2b3a0eec97fa3a7825b\\jetified-play-services-base-17.1.0\\res\\values-lo\\values.xml",
                    "from": {
                        "startLines": "4,5,6,7,8,9,10,11,12,13,14,15,16,17,18,19,20",
                        "startColumns": "0,0,0,0,0,0,0,0,0,0,0,0,0,0,0,0,0",
                        "startOffsets": "245,351,553,681,786,997,1120,1254,1395,1606,1709,1906,2033,2263,2450,2544,2639",
                        "endColumns": "105,201,127,104,210,122,133,140,210,102,196,126,229,186,93,94,109",
                        "endOffsets": "350,552,680,785,996,1119,1253,1394,1605,1708,1905,2032,2262,2449,2543,2638,2748"
                    },
                    "to": {
                        "startLines": "29,30,31,32,33,34,35,36,38,39,40,41,42,43,44,45,46",
                        "startColumns": "4,4,4,4,4,4,4,4,4,4,4,4,4,4,4,4,4",
                        "startOffsets": "2772,2882,3084,3216,3325,3536,3663,3801,4137,4348,4455,4652,4783,5013,5204,5302,5401",
                        "endColumns": "109,201,131,108,210,126,137,144,210,106,196,130,229,190,97,98,113",
                        "endOffsets": "2877,3079,3211,3320,3531,3658,3796,3941,4343,4450,4647,4778,5008,5199,5297,5396,5510"
                    }
                },
                {
                    "source": "C:\\Users\\Sumbul\\.gradle\\caches\\transforms-2\\files-2.1\\bcfc0b80df78591183083cc148e1cf2c\\core-1.1.0\\res\\values-lo\\values-lo.xml",
                    "from": {
                        "startLines": "2",
                        "startColumns": "4",
                        "startOffsets": "55",
                        "endColumns": "100",
                        "endOffsets": "151"
                    },
                    "to": {
                        "startLines": "48",
                        "startColumns": "4",
                        "startOffsets": "5596",
                        "endColumns": "100",
                        "endOffsets": "5692"
                    }
                }
            ]
        }
    ]
}