{
  "project_info": {
    "project_number": "719192471044",
    "firebase_url": "https://evento-626a5.firebaseio.com",
    "project_id": "evento-626a5",
    "storage_bucket": "evento-626a5.appspot.com"
  },
  "client": [
    {
      "client_info": {
        "mobilesdk_app_id": "1:719192471044:android:ec8ed17af156b0ff07a751",
        "android_client_info": {
          "package_name": "com.example.myeventmanager"
        }
      },
      "oauth_client": [
        {
          "client_id": "719192471044-dqj379msvj13fnjsie7mjc18ve1jclbv.apps.googleusercontent.com",
          "client_type": 1,
          "android_info": {
            "package_name": "com.example.myeventmanager",
            "certificate_hash": "05f772df479c66753aeed305e0e8d5b9da5adbf9"
          }
        },
        {
          "client_id": "719192471044-gnt8895ldt29d8tf3nd34j7470r70219.apps.googleusercontent.com",
          "client_type": 3
        }
      ],
      "api_key": [
        {
          "current_key": "AIzaSyAuz3ptKkWN-mubdc_Q_oAcDCmPic0ren8"
        }
      ],
      "services": {
        "appinvite_service": {
          "other_platform_oauth_client": [
            {
              "client_id": "719192471044-gnt8895ldt29d8tf3nd34j7470r70219.apps.googleusercontent.com",
              "client_type": 3
            }
          ]
        }
      }
    }
  ],
  "configuration_version": "1"
}