[
    {
        "merged": "D:\\Minor Project\\MyEventManager\\app\\build\\intermediates\\res\\merged\\debug\\drawable_events.jpg.flat",
        "source": "D:\\Minor Project\\MyEventManager\\app\\src\\main\\res\\drawable\\events.jpg"
    },
    {
        "merged": "D:\\Minor Project\\MyEventManager\\app\\build\\intermediates\\res\\merged\\debug\\drawable_explore.jpg.flat",
        "source": "D:\\Minor Project\\MyEventManager\\app\\src\\main\\res\\drawable\\explore.jpg"
    },
    {
        "merged": "D:\\Minor Project\\MyEventManager\\app\\build\\intermediates\\res\\merged\\debug\\drawable-v24_pro_contest.jpg.flat",
        "source": "D:\\Minor Project\\MyEventManager\\app\\src\\main\\res\\drawable-v24\\pro_contest.jpg"
    },
    {
        "merged": "D:\\Minor Project\\MyEventManager\\app\\build\\intermediates\\res\\merged\\debug\\drawable_slide4.jpg.flat",
        "source": "D:\\Minor Project\\MyEventManager\\app\\src\\main\\res\\drawable\\slide4.jpg"
    },
    {
        "merged": "D:\\Minor Project\\MyEventManager\\app\\build\\intermediates\\res\\merged\\debug\\drawable_evento.png.flat",
        "source": "D:\\Minor Project\\MyEventManager\\app\\src\\main\\res\\drawable\\evento.png"
    },
    {
        "merged": "D:\\Minor Project\\MyEventManager\\app\\build\\intermediates\\res\\merged\\debug\\layout_indi_view4.xml.flat",
        "source": "D:\\Minor Project\\MyEventManager\\app\\src\\main\\res\\layout\\indi_view4.xml"
    },
    {
        "merged": "D:\\Minor Project\\MyEventManager\\app\\build\\intermediates\\res\\merged\\debug\\layout_activity_splash.xml.flat",
        "source": "D:\\Minor Project\\MyEventManager\\app\\src\\main\\res\\layout\\activity_splash.xml"
    },
    {
        "merged": "D:\\Minor Project\\MyEventManager\\app\\build\\intermediates\\res\\merged\\debug\\drawable_event2.jpg.flat",
        "source": "D:\\Minor Project\\MyEventManager\\app\\src\\main\\res\\drawable\\event2.jpg"
    },
    {
        "merged": "D:\\Minor Project\\MyEventManager\\app\\build\\intermediates\\res\\merged\\debug\\layout_layout_list_item.xml.flat",
        "source": "D:\\Minor Project\\MyEventManager\\app\\src\\main\\res\\layout\\layout_list_item.xml"
    },
    {
        "merged": "D:\\Minor Project\\MyEventManager\\app\\build\\intermediates\\res\\merged\\debug\\drawable_ic_location_on_black_24dp.xml.flat",
        "source": "D:\\Minor Project\\MyEventManager\\app\\src\\main\\res\\drawable\\ic_location_on_black_24dp.xml"
    },
    {
        "merged": "D:\\Minor Project\\MyEventManager\\app\\build\\intermediates\\res\\merged\\debug\\drawable_bg15.jpg.flat",
        "source": "D:\\Minor Project\\MyEventManager\\app\\src\\main\\res\\drawable\\bg15.jpg"
    },
    {
        "merged": "D:\\Minor Project\\MyEventManager\\app\\build\\intermediates\\res\\merged\\debug\\drawable_book16.jpg.flat",
        "source": "D:\\Minor Project\\MyEventManager\\app\\src\\main\\res\\drawable\\book16.jpg"
    },
    {
        "merged": "D:\\Minor Project\\MyEventManager\\app\\build\\intermediates\\res\\merged\\debug\\drawable-v24_convocation.jpg.flat",
        "source": "D:\\Minor Project\\MyEventManager\\app\\src\\main\\res\\drawable-v24\\convocation.jpg"
    },
    {
        "merged": "D:\\Minor Project\\MyEventManager\\app\\build\\intermediates\\res\\merged\\debug\\drawable_bg14.jpg.flat",
        "source": "D:\\Minor Project\\MyEventManager\\app\\src\\main\\res\\drawable\\bg14.jpg"
    },
    {
        "merged": "D:\\Minor Project\\MyEventManager\\app\\build\\intermediates\\res\\merged\\debug\\layout_fragment_myevents.xml.flat",
        "source": "D:\\Minor Project\\MyEventManager\\app\\src\\main\\res\\layout\\fragment_myevents.xml"
    },
    {
        "merged": "D:\\Minor Project\\MyEventManager\\app\\build\\intermediates\\res\\merged\\debug\\mipmap-xxxhdpi_ic_launcher.png.flat",
        "source": "D:\\Minor Project\\MyEventManager\\app\\src\\main\\res\\mipmap-xxxhdpi\\ic_launcher.png"
    },
    {
        "merged": "D:\\Minor Project\\MyEventManager\\app\\build\\intermediates\\res\\merged\\debug\\drawable_slide3.jpg.flat",
        "source": "D:\\Minor Project\\MyEventManager\\app\\src\\main\\res\\drawable\\slide3.jpg"
    },
    {
        "merged": "D:\\Minor Project\\MyEventManager\\app\\build\\intermediates\\res\\merged\\debug\\drawable-v24_pthree.jpg.flat",
        "source": "D:\\Minor Project\\MyEventManager\\app\\src\\main\\res\\drawable-v24\\pthree.jpg"
    },
    {
        "merged": "D:\\Minor Project\\MyEventManager\\app\\build\\intermediates\\res\\merged\\debug\\mipmap-hdpi_ic_launcher_round.png.flat",
        "source": "D:\\Minor Project\\MyEventManager\\app\\src\\main\\res\\mipmap-hdpi\\ic_launcher_round.png"
    },
    {
        "merged": "D:\\Minor Project\\MyEventManager\\app\\build\\intermediates\\res\\merged\\debug\\drawable_bg9.jpg.flat",
        "source": "D:\\Minor Project\\MyEventManager\\app\\src\\main\\res\\drawable\\bg9.jpg"
    },
    {
        "merged": "D:\\Minor Project\\MyEventManager\\app\\build\\intermediates\\res\\merged\\debug\\menu_bottom_navigation.xml.flat",
        "source": "D:\\Minor Project\\MyEventManager\\app\\src\\main\\res\\menu\\bottom_navigation.xml"
    },
    {
        "merged": "D:\\Minor Project\\MyEventManager\\app\\build\\intermediates\\res\\merged\\debug\\layout_activity_register.xml.flat",
        "source": "D:\\Minor Project\\MyEventManager\\app\\src\\main\\res\\layout\\activity_register.xml"
    },
    {
        "merged": "D:\\Minor Project\\MyEventManager\\app\\build\\intermediates\\res\\merged\\debug\\layout_share_meeting.xml.flat",
        "source": "D:\\Minor Project\\MyEventManager\\app\\src\\main\\res\\layout\\share_meeting.xml"
    },
    {
        "merged": "D:\\Minor Project\\MyEventManager\\app\\build\\intermediates\\res\\merged\\debug\\layout_activity_upcoming_events.xml.flat",
        "source": "D:\\Minor Project\\MyEventManager\\app\\src\\main\\res\\layout\\activity_upcoming_events.xml"
    },
    {
        "merged": "D:\\Minor Project\\MyEventManager\\app\\build\\intermediates\\res\\merged\\debug\\drawable-v24_math_olympiad.png.flat",
        "source": "D:\\Minor Project\\MyEventManager\\app\\src\\main\\res\\drawable-v24\\math_olympiad.png"
    },
    {
        "merged": "D:\\Minor Project\\MyEventManager\\app\\build\\intermediates\\res\\merged\\debug\\drawable_bg2.jpg.flat",
        "source": "D:\\Minor Project\\MyEventManager\\app\\src\\main\\res\\drawable\\bg2.jpg"
    },
    {
        "merged": "D:\\Minor Project\\MyEventManager\\app\\build\\intermediates\\res\\merged\\debug\\layout_indi_view2.xml.flat",
        "source": "D:\\Minor Project\\MyEventManager\\app\\src\\main\\res\\layout\\indi_view2.xml"
    },
    {
        "merged": "D:\\Minor Project\\MyEventManager\\app\\build\\intermediates\\res\\merged\\debug\\drawable_plays1.jpg.flat",
        "source": "D:\\Minor Project\\MyEventManager\\app\\src\\main\\res\\drawable\\plays1.jpg"
    },
    {
        "merged": "D:\\Minor Project\\MyEventManager\\app\\build\\intermediates\\res\\merged\\debug\\layout_activity_reset_password.xml.flat",
        "source": "D:\\Minor Project\\MyEventManager\\app\\src\\main\\res\\layout\\activity_reset_password.xml"
    },
    {
        "merged": "D:\\Minor Project\\MyEventManager\\app\\build\\intermediates\\res\\merged\\debug\\drawable-v24_day.png.flat",
        "source": "D:\\Minor Project\\MyEventManager\\app\\src\\main\\res\\drawable-v24\\day.png"
    },
    {
        "merged": "D:\\Minor Project\\MyEventManager\\app\\build\\intermediates\\res\\merged\\debug\\drawable_bg8.jpg.flat",
        "source": "D:\\Minor Project\\MyEventManager\\app\\src\\main\\res\\drawable\\bg8.jpg"
    },
    {
        "merged": "D:\\Minor Project\\MyEventManager\\app\\build\\intermediates\\res\\merged\\debug\\drawable_b2.jpg.flat",
        "source": "D:\\Minor Project\\MyEventManager\\app\\src\\main\\res\\drawable\\b2.jpg"
    },
    {
        "merged": "D:\\Minor Project\\MyEventManager\\app\\build\\intermediates\\res\\merged\\debug\\drawable_slide6.jpg.flat",
        "source": "D:\\Minor Project\\MyEventManager\\app\\src\\main\\res\\drawable\\slide6.jpg"
    },
    {
        "merged": "D:\\Minor Project\\MyEventManager\\app\\build\\intermediates\\res\\merged\\debug\\drawable-v24_festival.png.flat",
        "source": "D:\\Minor Project\\MyEventManager\\app\\src\\main\\res\\drawable-v24\\festival.png"
    },
    {
        "merged": "D:\\Minor Project\\MyEventManager\\app\\build\\intermediates\\res\\merged\\debug\\drawable_ic_tag_faces_black_24dp.xml.flat",
        "source": "D:\\Minor Project\\MyEventManager\\app\\src\\main\\res\\drawable\\ic_tag_faces_black_24dp.xml"
    },
    {
        "merged": "D:\\Minor Project\\MyEventManager\\app\\build\\intermediates\\res\\merged\\debug\\layout_share_event.xml.flat",
        "source": "D:\\Minor Project\\MyEventManager\\app\\src\\main\\res\\layout\\share_event.xml"
    },
    {
        "merged": "D:\\Minor Project\\MyEventManager\\app\\build\\intermediates\\res\\merged\\debug\\mipmap-mdpi_ic_launcher_round.png.flat",
        "source": "D:\\Minor Project\\MyEventManager\\app\\src\\main\\res\\mipmap-mdpi\\ic_launcher_round.png"
    },
    {
        "merged": "D:\\Minor Project\\MyEventManager\\app\\build\\intermediates\\res\\merged\\debug\\drawable-v24_ic_launcher_foreground.xml.flat",
        "source": "D:\\Minor Project\\MyEventManager\\app\\src\\main\\res\\drawable-v24\\ic_launcher_foreground.xml"
    },
    {
        "merged": "D:\\Minor Project\\MyEventManager\\app\\build\\intermediates\\res\\merged\\debug\\layout_fragment_add_event.xml.flat",
        "source": "D:\\Minor Project\\MyEventManager\\app\\src\\main\\res\\layout\\fragment_add_event.xml"
    },
    {
        "merged": "D:\\Minor Project\\MyEventManager\\app\\build\\intermediates\\res\\merged\\debug\\drawable_slide1.jpg.flat",
        "source": "D:\\Minor Project\\MyEventManager\\app\\src\\main\\res\\drawable\\slide1.jpg"
    },
    {
        "merged": "D:\\Minor Project\\MyEventManager\\app\\build\\intermediates\\res\\merged\\debug\\mipmap-xxhdpi_ic_launcher.png.flat",
        "source": "D:\\Minor Project\\MyEventManager\\app\\src\\main\\res\\mipmap-xxhdpi\\ic_launcher.png"
    },
    {
        "merged": "D:\\Minor Project\\MyEventManager\\app\\build\\intermediates\\res\\merged\\debug\\mipmap-anydpi-v26_ic_launcher_round.xml.flat",
        "source": "D:\\Minor Project\\MyEventManager\\app\\src\\main\\res\\mipmap-anydpi-v26\\ic_launcher_round.xml"
    },
    {
        "merged": "D:\\Minor Project\\MyEventManager\\app\\build\\intermediates\\res\\merged\\debug\\mipmap-mdpi_ic_launcher.png.flat",
        "source": "D:\\Minor Project\\MyEventManager\\app\\src\\main\\res\\mipmap-mdpi\\ic_launcher.png"
    },
    {
        "merged": "D:\\Minor Project\\MyEventManager\\app\\build\\intermediates\\res\\merged\\debug\\drawable_bg12.jpg.flat",
        "source": "D:\\Minor Project\\MyEventManager\\app\\src\\main\\res\\drawable\\bg12.jpg"
    },
    {
        "merged": "D:\\Minor Project\\MyEventManager\\app\\build\\intermediates\\res\\merged\\debug\\drawable-v24_event.jpg.flat",
        "source": "D:\\Minor Project\\MyEventManager\\app\\src\\main\\res\\drawable-v24\\event.jpg"
    },
    {
        "merged": "D:\\Minor Project\\MyEventManager\\app\\build\\intermediates\\res\\merged\\debug\\drawable_input_design2.xml.flat",
        "source": "D:\\Minor Project\\MyEventManager\\app\\src\\main\\res\\drawable\\input_design2.xml"
    },
    {
        "merged": "D:\\Minor Project\\MyEventManager\\app\\build\\intermediates\\res\\merged\\debug\\drawable_meeting.png.flat",
        "source": "D:\\Minor Project\\MyEventManager\\app\\src\\main\\res\\drawable\\meeting.png"
    },
    {
        "merged": "D:\\Minor Project\\MyEventManager\\app\\build\\intermediates\\res\\merged\\debug\\mipmap-xxhdpi_ic_launcher_round.png.flat",
        "source": "D:\\Minor Project\\MyEventManager\\app\\src\\main\\res\\mipmap-xxhdpi\\ic_launcher_round.png"
    },
    {
        "merged": "D:\\Minor Project\\MyEventManager\\app\\build\\intermediates\\res\\merged\\debug\\drawable_location.jpg.flat",
        "source": "D:\\Minor Project\\MyEventManager\\app\\src\\main\\res\\drawable\\location.jpg"
    },
    {
        "merged": "D:\\Minor Project\\MyEventManager\\app\\build\\intermediates\\res\\merged\\debug\\drawable-v24_ptwo.jpg.flat",
        "source": "D:\\Minor Project\\MyEventManager\\app\\src\\main\\res\\drawable-v24\\ptwo.jpg"
    },
    {
        "merged": "D:\\Minor Project\\MyEventManager\\app\\build\\intermediates\\res\\merged\\debug\\layout_activity_notification.xml.flat",
        "source": "D:\\Minor Project\\MyEventManager\\app\\src\\main\\res\\layout\\activity_notification.xml"
    },
    {
        "merged": "D:\\Minor Project\\MyEventManager\\app\\build\\intermediates\\res\\merged\\debug\\mipmap-hdpi_ic_launcher.png.flat",
        "source": "D:\\Minor Project\\MyEventManager\\app\\src\\main\\res\\mipmap-hdpi\\ic_launcher.png"
    },
    {
        "merged": "D:\\Minor Project\\MyEventManager\\app\\build\\intermediates\\res\\merged\\debug\\drawable_input_design.xml.flat",
        "source": "D:\\Minor Project\\MyEventManager\\app\\src\\main\\res\\drawable\\input_design.xml"
    },
    {
        "merged": "D:\\Minor Project\\MyEventManager\\app\\build\\intermediates\\res\\merged\\debug\\drawable_buttons2.xml.flat",
        "source": "D:\\Minor Project\\MyEventManager\\app\\src\\main\\res\\drawable\\buttons2.xml"
    },
    {
        "merged": "D:\\Minor Project\\MyEventManager\\app\\build\\intermediates\\res\\merged\\debug\\drawable_bg6.jpg.flat",
        "source": "D:\\Minor Project\\MyEventManager\\app\\src\\main\\res\\drawable\\bg6.jpg"
    },
    {
        "merged": "D:\\Minor Project\\MyEventManager\\app\\build\\intermediates\\res\\merged\\debug\\drawable-v24_reunion.png.flat",
        "source": "D:\\Minor Project\\MyEventManager\\app\\src\\main\\res\\drawable-v24\\reunion.png"
    },
    {
        "merged": "D:\\Minor Project\\MyEventManager\\app\\build\\intermediates\\res\\merged\\debug\\mipmap-xhdpi_ic_launcher_round.png.flat",
        "source": "D:\\Minor Project\\MyEventManager\\app\\src\\main\\res\\mipmap-xhdpi\\ic_launcher_round.png"
    },
    {
        "merged": "D:\\Minor Project\\MyEventManager\\app\\build\\intermediates\\res\\merged\\debug\\drawable_bg11.jpg.flat",
        "source": "D:\\Minor Project\\MyEventManager\\app\\src\\main\\res\\drawable\\bg11.jpg"
    },
    {
        "merged": "D:\\Minor Project\\MyEventManager\\app\\build\\intermediates\\res\\merged\\debug\\drawable_location3.png.flat",
        "source": "D:\\Minor Project\\MyEventManager\\app\\src\\main\\res\\drawable\\location3.png"
    },
    {
        "merged": "D:\\Minor Project\\MyEventManager\\app\\build\\intermediates\\res\\merged\\debug\\drawable_b1.jpg.flat",
        "source": "D:\\Minor Project\\MyEventManager\\app\\src\\main\\res\\drawable\\b1.jpg"
    },
    {
        "merged": "D:\\Minor Project\\MyEventManager\\app\\build\\intermediates\\res\\merged\\debug\\menu_top_menu.xml.flat",
        "source": "D:\\Minor Project\\MyEventManager\\app\\src\\main\\res\\menu\\top_menu.xml"
    },
    {
        "merged": "D:\\Minor Project\\MyEventManager\\app\\build\\intermediates\\res\\merged\\debug\\drawable_ic_search.xml.flat",
        "source": "D:\\Minor Project\\MyEventManager\\app\\src\\main\\res\\drawable\\ic_search.xml"
    },
    {
        "merged": "D:\\Minor Project\\MyEventManager\\app\\build\\intermediates\\res\\merged\\debug\\layout_fragment_open_map_meeting.xml.flat",
        "source": "D:\\Minor Project\\MyEventManager\\app\\src\\main\\res\\layout\\fragment_open_map_meeting.xml"
    },
    {
        "merged": "D:\\Minor Project\\MyEventManager\\app\\build\\intermediates\\res\\merged\\debug\\drawable-v24_job_fair.png.flat",
        "source": "D:\\Minor Project\\MyEventManager\\app\\src\\main\\res\\drawable-v24\\job_fair.png"
    },
    {
        "merged": "D:\\Minor Project\\MyEventManager\\app\\build\\intermediates\\res\\merged\\debug\\drawable-v24_robotics.png.flat",
        "source": "D:\\Minor Project\\MyEventManager\\app\\src\\main\\res\\drawable-v24\\robotics.png"
    },
    {
        "merged": "D:\\Minor Project\\MyEventManager\\app\\build\\intermediates\\res\\merged\\debug\\layout_fragment_nearbyevents.xml.flat",
        "source": "D:\\Minor Project\\MyEventManager\\app\\src\\main\\res\\layout\\fragment_nearbyevents.xml"
    },
    {
        "merged": "D:\\Minor Project\\MyEventManager\\app\\build\\intermediates\\res\\merged\\debug\\layout_fragment_open_map_event.xml.flat",
        "source": "D:\\Minor Project\\MyEventManager\\app\\src\\main\\res\\layout\\fragment_open_map_event.xml"
    },
    {
        "merged": "D:\\Minor Project\\MyEventManager\\app\\build\\intermediates\\res\\merged\\debug\\mipmap-xxxhdpi_ic_launcher_round.png.flat",
        "source": "D:\\Minor Project\\MyEventManager\\app\\src\\main\\res\\mipmap-xxxhdpi\\ic_launcher_round.png"
    },
    {
        "merged": "D:\\Minor Project\\MyEventManager\\app\\build\\intermediates\\res\\merged\\debug\\drawable_event1.png.flat",
        "source": "D:\\Minor Project\\MyEventManager\\app\\src\\main\\res\\drawable\\event1.png"
    },
    {
        "merged": "D:\\Minor Project\\MyEventManager\\app\\build\\intermediates\\res\\merged\\debug\\mipmap-xhdpi_ic_launcher.png.flat",
        "source": "D:\\Minor Project\\MyEventManager\\app\\src\\main\\res\\mipmap-xhdpi\\ic_launcher.png"
    },
    {
        "merged": "D:\\Minor Project\\MyEventManager\\app\\build\\intermediates\\res\\merged\\debug\\drawable_ic_launcher_background.xml.flat",
        "source": "D:\\Minor Project\\MyEventManager\\app\\src\\main\\res\\drawable\\ic_launcher_background.xml"
    },
    {
        "merged": "D:\\Minor Project\\MyEventManager\\app\\build\\intermediates\\res\\merged\\debug\\drawable_whiteback.jpg.flat",
        "source": "D:\\Minor Project\\MyEventManager\\app\\src\\main\\res\\drawable\\whiteback.jpg"
    },
    {
        "merged": "D:\\Minor Project\\MyEventManager\\app\\build\\intermediates\\res\\merged\\debug\\drawable_sports.jpg.flat",
        "source": "D:\\Minor Project\\MyEventManager\\app\\src\\main\\res\\drawable\\sports.jpg"
    },
    {
        "merged": "D:\\Minor Project\\MyEventManager\\app\\build\\intermediates\\res\\merged\\debug\\drawable_bg5.jpg.flat",
        "source": "D:\\Minor Project\\MyEventManager\\app\\src\\main\\res\\drawable\\bg5.jpg"
    },
    {
        "merged": "D:\\Minor Project\\MyEventManager\\app\\build\\intermediates\\res\\merged\\debug\\layout_meeting_row.xml.flat",
        "source": "D:\\Minor Project\\MyEventManager\\app\\src\\main\\res\\layout\\meeting_row.xml"
    },
    {
        "merged": "D:\\Minor Project\\MyEventManager\\app\\build\\intermediates\\res\\merged\\debug\\drawable_location2.png.flat",
        "source": "D:\\Minor Project\\MyEventManager\\app\\src\\main\\res\\drawable\\location2.png"
    },
    {
        "merged": "D:\\Minor Project\\MyEventManager\\app\\build\\intermediates\\res\\merged\\debug\\drawable_concerts.jpg.flat",
        "source": "D:\\Minor Project\\MyEventManager\\app\\src\\main\\res\\drawable\\concerts.jpg"
    },
    {
        "merged": "D:\\Minor Project\\MyEventManager\\app\\build\\intermediates\\res\\merged\\debug\\layout_event_detail.xml.flat",
        "source": "D:\\Minor Project\\MyEventManager\\app\\src\\main\\res\\layout\\event_detail.xml"
    },
    {
        "merged": "D:\\Minor Project\\MyEventManager\\app\\build\\intermediates\\res\\merged\\debug\\layout_activity_login.xml.flat",
        "source": "D:\\Minor Project\\MyEventManager\\app\\src\\main\\res\\layout\\activity_login.xml"
    },
    {
        "merged": "D:\\Minor Project\\MyEventManager\\app\\build\\intermediates\\res\\merged\\debug\\layout_fragment_meetings.xml.flat",
        "source": "D:\\Minor Project\\MyEventManager\\app\\src\\main\\res\\layout\\fragment_meetings.xml"
    },
    {
        "merged": "D:\\Minor Project\\MyEventManager\\app\\build\\intermediates\\res\\merged\\debug\\layout_activity_meeting_detail.xml.flat",
        "source": "D:\\Minor Project\\MyEventManager\\app\\src\\main\\res\\layout\\activity_meeting_detail.xml"
    },
    {
        "merged": "D:\\Minor Project\\MyEventManager\\app\\build\\intermediates\\res\\merged\\debug\\drawable_bg4.jpg.flat",
        "source": "D:\\Minor Project\\MyEventManager\\app\\src\\main\\res\\drawable\\bg4.jpg"
    },
    {
        "merged": "D:\\Minor Project\\MyEventManager\\app\\build\\intermediates\\res\\merged\\debug\\drawable_slide2.jpg.flat",
        "source": "D:\\Minor Project\\MyEventManager\\app\\src\\main\\res\\drawable\\slide2.jpg"
    },
    {
        "merged": "D:\\Minor Project\\MyEventManager\\app\\build\\intermediates\\res\\merged\\debug\\layout_event_row.xml.flat",
        "source": "D:\\Minor Project\\MyEventManager\\app\\src\\main\\res\\layout\\event_row.xml"
    },
    {
        "merged": "D:\\Minor Project\\MyEventManager\\app\\build\\intermediates\\res\\merged\\debug\\drawable_bg13.jpg.flat",
        "source": "D:\\Minor Project\\MyEventManager\\app\\src\\main\\res\\drawable\\bg13.jpg"
    },
    {
        "merged": "D:\\Minor Project\\MyEventManager\\app\\build\\intermediates\\res\\merged\\debug\\drawable_ic_home_black_24dp.xml.flat",
        "source": "D:\\Minor Project\\MyEventManager\\app\\src\\main\\res\\drawable\\ic_home_black_24dp.xml"
    },
    {
        "merged": "D:\\Minor Project\\MyEventManager\\app\\build\\intermediates\\res\\merged\\debug\\layout_fragment_home.xml.flat",
        "source": "D:\\Minor Project\\MyEventManager\\app\\src\\main\\res\\layout\\fragment_home.xml"
    },
    {
        "merged": "D:\\Minor Project\\MyEventManager\\app\\build\\intermediates\\res\\merged\\debug\\drawable-v24_science_olympiad.jpg.flat",
        "source": "D:\\Minor Project\\MyEventManager\\app\\src\\main\\res\\drawable-v24\\science_olympiad.jpg"
    },
    {
        "merged": "D:\\Minor Project\\MyEventManager\\app\\build\\intermediates\\res\\merged\\debug\\drawable_bg10.jpg.flat",
        "source": "D:\\Minor Project\\MyEventManager\\app\\src\\main\\res\\drawable\\bg10.jpg"
    },
    {
        "merged": "D:\\Minor Project\\MyEventManager\\app\\build\\intermediates\\res\\merged\\debug\\layout_activity_home.xml.flat",
        "source": "D:\\Minor Project\\MyEventManager\\app\\src\\main\\res\\layout\\activity_home.xml"
    },
    {
        "merged": "D:\\Minor Project\\MyEventManager\\app\\build\\intermediates\\res\\merged\\debug\\layout_fragment_add_meeting.xml.flat",
        "source": "D:\\Minor Project\\MyEventManager\\app\\src\\main\\res\\layout\\fragment_add_meeting.xml"
    },
    {
        "merged": "D:\\Minor Project\\MyEventManager\\app\\build\\intermediates\\res\\merged\\debug\\menu_meeting_menu.xml.flat",
        "source": "D:\\Minor Project\\MyEventManager\\app\\src\\main\\res\\menu\\meeting_menu.xml"
    },
    {
        "merged": "D:\\Minor Project\\MyEventManager\\app\\build\\intermediates\\res\\merged\\debug\\drawable_bg1.jpg.flat",
        "source": "D:\\Minor Project\\MyEventManager\\app\\src\\main\\res\\drawable\\bg1.jpg"
    },
    {
        "merged": "D:\\Minor Project\\MyEventManager\\app\\build\\intermediates\\res\\merged\\debug\\mipmap-anydpi-v26_ic_launcher.xml.flat",
        "source": "D:\\Minor Project\\MyEventManager\\app\\src\\main\\res\\mipmap-anydpi-v26\\ic_launcher.xml"
    },
    {
        "merged": "D:\\Minor Project\\MyEventManager\\app\\build\\intermediates\\res\\merged\\debug\\menu_event_menu.xml.flat",
        "source": "D:\\Minor Project\\MyEventManager\\app\\src\\main\\res\\menu\\event_menu.xml"
    },
    {
        "merged": "D:\\Minor Project\\MyEventManager\\app\\build\\intermediates\\res\\merged\\debug\\layout_indi_view3.xml.flat",
        "source": "D:\\Minor Project\\MyEventManager\\app\\src\\main\\res\\layout\\indi_view3.xml"
    },
    {
        "merged": "D:\\Minor Project\\MyEventManager\\app\\build\\intermediates\\res\\merged\\debug\\layout_activity_main.xml.flat",
        "source": "D:\\Minor Project\\MyEventManager\\app\\src\\main\\res\\layout\\activity_main.xml"
    },
    {
        "merged": "D:\\Minor Project\\MyEventManager\\app\\build\\intermediates\\res\\merged\\debug\\drawable-v24_feed.png.flat",
        "source": "D:\\Minor Project\\MyEventManager\\app\\src\\main\\res\\drawable-v24\\feed.png"
    },
    {
        "merged": "D:\\Minor Project\\MyEventManager\\app\\build\\intermediates\\res\\merged\\debug\\drawable_ic_person_white.xml.flat",
        "source": "D:\\Minor Project\\MyEventManager\\app\\src\\main\\res\\drawable\\ic_person_white.xml"
    },
    {
        "merged": "D:\\Minor Project\\MyEventManager\\app\\build\\intermediates\\res\\merged\\debug\\drawable_bgg.jpg.flat",
        "source": "D:\\Minor Project\\MyEventManager\\app\\src\\main\\res\\drawable\\bgg.jpg"
    },
    {
        "merged": "D:\\Minor Project\\MyEventManager\\app\\build\\intermediates\\res\\merged\\debug\\drawable_oliveback.png.flat",
        "source": "D:\\Minor Project\\MyEventManager\\app\\src\\main\\res\\drawable\\oliveback.png"
    },
    {
        "merged": "D:\\Minor Project\\MyEventManager\\app\\build\\intermediates\\res\\merged\\debug\\drawable-v24_input_design3.xml.flat",
        "source": "D:\\Minor Project\\MyEventManager\\app\\src\\main\\res\\drawable-v24\\input_design3.xml"
    },
    {
        "merged": "D:\\Minor Project\\MyEventManager\\app\\build\\intermediates\\res\\merged\\debug\\drawable_buttons.xml.flat",
        "source": "D:\\Minor Project\\MyEventManager\\app\\src\\main\\res\\drawable\\buttons.xml"
    },
    {
        "merged": "D:\\Minor Project\\MyEventManager\\app\\build\\intermediates\\res\\merged\\debug\\layout_layout_list_item2.xml.flat",
        "source": "D:\\Minor Project\\MyEventManager\\app\\src\\main\\res\\layout\\layout_list_item2.xml"
    },
    {
        "merged": "D:\\Minor Project\\MyEventManager\\app\\build\\intermediates\\res\\merged\\debug\\drawable_bg7.jpg.flat",
        "source": "D:\\Minor Project\\MyEventManager\\app\\src\\main\\res\\drawable\\bg7.jpg"
    },
    {
        "merged": "D:\\Minor Project\\MyEventManager\\app\\build\\intermediates\\res\\merged\\debug\\drawable_ic_people_black_24dp.xml.flat",
        "source": "D:\\Minor Project\\MyEventManager\\app\\src\\main\\res\\drawable\\ic_people_black_24dp.xml"
    },
    {
        "merged": "D:\\Minor Project\\MyEventManager\\app\\build\\intermediates\\res\\merged\\debug\\drawable_ic_add_circle_purple_24dp.xml.flat",
        "source": "D:\\Minor Project\\MyEventManager\\app\\src\\main\\res\\drawable\\ic_add_circle_purple_24dp.xml"
    },
    {
        "merged": "D:\\Minor Project\\MyEventManager\\app\\build\\intermediates\\res\\merged\\debug\\drawable_slide5.jpg.flat",
        "source": "D:\\Minor Project\\MyEventManager\\app\\src\\main\\res\\drawable\\slide5.jpg"
    },
    {
        "merged": "D:\\Minor Project\\MyEventManager\\app\\build\\intermediates\\res\\merged\\debug\\drawable-v24_facebook.png.flat",
        "source": "D:\\Minor Project\\MyEventManager\\app\\src\\main\\res\\drawable-v24\\facebook.png"
    }
]